-- phpMyAdmin SQL Dump
-- version 5.2.1
-- https://www.phpmyadmin.net/
--
-- Host: 127.0.0.1
-- Generation Time: Jun 23, 2026 at 03:36 PM
-- Server version: 10.4.32-MariaDB
-- PHP Version: 8.2.12

SET SQL_MODE = "NO_AUTO_VALUE_ON_ZERO";
START TRANSACTION;
SET time_zone = "+00:00";


/*!40101 SET @OLD_CHARACTER_SET_CLIENT=@@CHARACTER_SET_CLIENT */;
/*!40101 SET @OLD_CHARACTER_SET_RESULTS=@@CHARACTER_SET_RESULTS */;
/*!40101 SET @OLD_COLLATION_CONNECTION=@@COLLATION_CONNECTION */;
/*!40101 SET NAMES utf8mb4 */;

--
-- Database: `cwirms`
--

-- --------------------------------------------------------

--
-- Table structure for table `canvasser_action_history`
--

CREATE TABLE `canvasser_action_history` (
  `id` int(11) NOT NULL,
  `request_id` int(11) NOT NULL,
  `user_id` int(11) NOT NULL,
  `action` enum('accept','reject','pending') NOT NULL,
  `acted_at` datetime NOT NULL DEFAULT current_timestamp()
) ENGINE=InnoDB DEFAULT CHARSET=utf8mb4 COLLATE=utf8mb4_general_ci;

--
-- Dumping data for table `canvasser_action_history`
--

INSERT INTO `canvasser_action_history` (`id`, `request_id`, `user_id`, `action`, `acted_at`) VALUES
(1, 4, 26, 'accept', '2026-04-17 12:36:54'),
(2, 4, 26, 'pending', '2026-04-17 12:38:41'),
(3, 4, 26, 'accept', '2026-04-17 12:45:04'),
(4, 4, 26, 'pending', '2026-04-17 12:45:05'),
(5, 4, 26, 'accept', '2026-04-20 20:29:39'),
(6, 9, 27, 'accept', '2026-04-21 13:35:16'),
(7, 9, 27, 'pending', '2026-04-21 13:35:21'),
(8, 11, 27, 'accept', '2026-04-21 15:43:50'),
(9, 11, 27, 'pending', '2026-04-21 15:43:53'),
(10, 11, 27, 'accept', '2026-04-21 15:43:54'),
(11, 12, 26, 'accept', '2026-04-27 00:57:53'),
(12, 11, 26, 'accept', '2026-04-27 01:13:25'),
(13, 11, 26, 'pending', '2026-04-27 01:13:38'),
(14, 11, 26, 'accept', '2026-04-27 01:13:51'),
(15, 11, 26, 'pending', '2026-04-27 01:14:09'),
(16, 11, 26, 'accept', '2026-04-27 01:14:38'),
(17, 11, 26, 'pending', '2026-04-27 01:14:46'),
(18, 11, 26, 'accept', '2026-04-27 01:17:10'),
(19, 13, 26, 'accept', '2026-04-27 22:47:54'),
(20, 12, 26, 'accept', '2026-04-28 00:17:38'),
(21, 12, 26, 'accept', '2026-04-28 00:30:57'),
(22, 14, 27, 'accept', '2026-04-28 05:32:38'),
(23, 15, 26, 'accept', '2026-04-28 11:41:03'),
(24, 16, 26, 'accept', '2026-04-28 15:44:58'),
(25, 24, 26, 'accept', '2026-06-03 00:52:27'),
(26, 25, 26, 'accept', '2026-06-03 04:04:48'),
(27, 26, 26, 'accept', '2026-06-03 08:34:19'),
(28, 27, 26, 'accept', '2026-06-06 20:33:45'),
(29, 28, 26, 'accept', '2026-06-06 21:58:27'),
(30, 29, 26, 'accept', '2026-06-07 22:26:57'),
(31, 31, 26, 'accept', '2026-06-13 20:53:23'),
(32, 32, 26, 'accept', '2026-06-13 23:23:28'),
(33, 33, 26, 'accept', '2026-06-15 14:09:43'),
(34, 34, 26, 'accept', '2026-06-15 15:33:59'),
(35, 35, 26, 'accept', '2026-06-17 15:23:08'),
(36, 36, 26, 'accept', '2026-06-18 14:20:26'),
(37, 37, 26, 'accept', '2026-06-18 18:08:10');

-- --------------------------------------------------------

--
-- Table structure for table `canvass_supplier_discounts`
--

CREATE TABLE `canvass_supplier_discounts` (
  `id` int(11) NOT NULL,
  `canvass_supplier_id` int(11) NOT NULL,
  `label` varchar(120) DEFAULT NULL,
  `discount_percent` decimal(5,2) NOT NULL,
  `created_at` timestamp NOT NULL DEFAULT current_timestamp(),
  `updated_at` timestamp NOT NULL DEFAULT current_timestamp() ON UPDATE current_timestamp()
) ENGINE=InnoDB DEFAULT CHARSET=utf8mb4 COLLATE=utf8mb4_general_ci;

--
-- Dumping data for table `canvass_supplier_discounts`
--

INSERT INTO `canvass_supplier_discounts` (`id`, `canvass_supplier_id`, `label`, `discount_percent`, `created_at`, `updated_at`) VALUES
(1, 92, 'Suki discount', 20.00, '2026-06-06 12:33:45', '2026-06-06 12:33:45'),
(4, 96, 'Panalo Promo discount', 10.00, '2026-06-06 13:58:27', '2026-06-06 13:58:27'),
(5, 98, 'suki discount', 5.00, '2026-06-07 14:26:57', '2026-06-07 14:26:57'),
(6, 102, 'basta discount', 2.00, '2026-06-07 14:26:57', '2026-06-07 14:26:57'),
(7, 109, NULL, 10.00, '2026-06-13 15:23:28', '2026-06-13 15:23:28'),
(8, 121, 'StrawHat Pirates', 5.00, '2026-06-18 06:20:26', '2026-06-18 06:20:26'),
(9, 127, 'Suki discount', 5.00, '2026-06-18 10:08:10', '2026-06-18 10:08:10');

-- --------------------------------------------------------

--
-- Table structure for table `canvass_verification_approval`
--

CREATE TABLE `canvass_verification_approval` (
  `request_id` int(11) NOT NULL,
  `canvas_status` enum('accept','reject','pending','') DEFAULT 'pending',
  `canvassed_by` varchar(100) DEFAULT NULL,
  `canvassed_at` datetime DEFAULT NULL,
  `canvas_assignee_user_id` int(11) DEFAULT NULL,
  `suggested_supplier_id` int(11) DEFAULT NULL,
  `suggested_supplier_name` varchar(120) DEFAULT NULL,
  `checked_by` varchar(100) DEFAULT NULL,
  `checked_at` datetime DEFAULT NULL,
  `comp_status` enum('accept','reject','pending','') DEFAULT 'pending',
  `verified_by` varchar(100) DEFAULT NULL,
  `verified_at` datetime DEFAULT NULL,
  `gsd_status` enum('accept','reject','pending','') DEFAULT 'pending',
  `approved_by` varchar(100) DEFAULT NULL,
  `approved_at` datetime DEFAULT NULL,
  `pres_status` enum('accept','reject','pending','') DEFAULT 'pending',
  `canvas_submission_status` enum('draft','submitted') DEFAULT 'draft'
) ENGINE=InnoDB DEFAULT CHARSET=utf8mb4 COLLATE=utf8mb4_general_ci;

--
-- Dumping data for table `canvass_verification_approval`
--

INSERT INTO `canvass_verification_approval` (`request_id`, `canvas_status`, `canvassed_by`, `canvassed_at`, `canvas_assignee_user_id`, `suggested_supplier_id`, `suggested_supplier_name`, `checked_by`, `checked_at`, `comp_status`, `verified_by`, `verified_at`, `gsd_status`, `approved_by`, `approved_at`, `pres_status`, `canvas_submission_status`) VALUES
(1, 'pending', NULL, NULL, NULL, NULL, NULL, 'comptroller', '2026-04-10 23:13:20', 'accept', NULL, NULL, NULL, 'president', '2026-04-13 20:24:44', 'accept', 'submitted'),
(4, 'accept', 'canvasser', '2026-04-20 20:29:39', 26, NULL, NULL, NULL, NULL, NULL, 'gsd', '2026-04-20 20:30:29', 'accept', NULL, NULL, NULL, 'submitted'),
(7, 'pending', 'rex', '2026-04-20 23:19:14', 27, NULL, NULL, NULL, NULL, 'pending', NULL, NULL, NULL, NULL, NULL, 'pending', 'submitted'),
(9, 'pending', 'rex', NULL, 27, NULL, NULL, NULL, NULL, NULL, NULL, NULL, NULL, NULL, NULL, NULL, 'draft'),
(11, 'accept', 'canvasser', '2026-04-27 01:17:10', 26, 3, 'SonJingWoo Shop', NULL, NULL, NULL, NULL, NULL, NULL, NULL, NULL, NULL, 'submitted'),
(12, 'accept', 'canvasser', '2026-04-28 00:30:57', 26, NULL, NULL, 'comptroller', '2026-04-28 00:35:49', 'accept', 'gsd', '2026-04-28 00:35:17', 'accept', 'president', '2026-04-28 00:36:19', 'accept', 'submitted'),
(13, 'accept', 'canvasser', '2026-04-27 00:57:53', NULL, NULL, NULL, 'comptroller', '2026-04-27 23:26:40', 'accept', 'gsd', '2026-04-28 00:32:07', 'accept', 'president', '2026-04-27 23:29:44', 'accept', 'submitted'),
(14, 'accept', 'rex', '2026-04-28 05:32:38', 27, NULL, NULL, 'comptroller', '2026-04-28 05:34:22', 'accept', 'gsd', '2026-04-28 05:33:29', 'accept', 'president', '2026-04-28 05:35:02', 'accept', 'submitted'),
(15, 'accept', 'canvasser', '2026-04-28 11:41:03', 26, NULL, NULL, 'comptroller', '2026-04-28 11:44:20', 'accept', 'gsd', '2026-04-28 11:43:31', 'accept', 'president', '2026-04-28 11:45:44', 'accept', 'submitted'),
(16, 'accept', 'canvasser', '2026-04-28 15:44:58', 26, NULL, NULL, 'comptroller', '2026-04-28 15:46:58', 'accept', 'gsd', '2026-04-28 15:46:02', 'accept', 'president', '2026-04-28 15:50:14', 'accept', 'submitted'),
(17, 'pending', 'canvasser', '2026-05-12 20:40:36', 26, NULL, NULL, NULL, NULL, 'pending', NULL, NULL, 'pending', NULL, NULL, NULL, 'submitted'),
(21, 'pending', NULL, NULL, NULL, NULL, NULL, NULL, NULL, 'pending', NULL, NULL, 'pending', NULL, NULL, 'pending', 'submitted'),
(22, 'pending', NULL, NULL, NULL, NULL, NULL, NULL, NULL, 'pending', NULL, NULL, 'pending', NULL, NULL, 'pending', 'submitted'),
(23, 'pending', NULL, NULL, NULL, NULL, NULL, NULL, NULL, 'pending', NULL, NULL, 'pending', NULL, NULL, 'pending', 'submitted'),
(24, 'accept', 'canvasser', '2026-06-03 00:52:27', 26, NULL, NULL, 'comptroller', '2026-06-03 02:54:17', 'accept', 'gsd', '2026-06-03 01:40:28', 'accept', 'president', '2026-06-03 03:09:50', 'accept', 'submitted'),
(25, 'accept', 'canvasser', '2026-06-03 04:04:48', 26, NULL, NULL, 'comptroller', '2026-06-03 04:12:21', 'accept', 'gsd', '2026-06-03 04:07:05', 'accept', 'president', '2026-06-03 04:14:45', 'accept', 'submitted'),
(26, 'accept', 'canvasser', '2026-06-03 08:34:19', 26, NULL, NULL, 'comptroller', '2026-06-03 08:38:35', 'accept', 'gsd', '2026-06-03 08:35:57', 'accept', 'president', '2026-06-03 08:40:03', 'accept', 'submitted'),
(27, 'accept', 'canvasser', '2026-06-06 20:33:45', 26, NULL, NULL, NULL, NULL, NULL, NULL, NULL, NULL, NULL, NULL, NULL, 'submitted'),
(28, 'accept', 'canvasser', '2026-06-06 21:58:27', 26, NULL, NULL, 'comptroller', '2026-06-06 22:18:09', 'accept', 'gsd', '2026-06-06 21:59:53', 'accept', 'president', '2026-06-06 22:19:47', 'accept', 'submitted'),
(29, 'accept', 'canvasser', '2026-06-07 22:26:57', 26, NULL, NULL, 'comptroller', '2026-06-07 22:34:59', 'accept', 'gsd', '2026-06-07 22:32:42', 'accept', 'president', '2026-06-07 22:36:37', 'accept', 'submitted'),
(31, 'accept', 'canvasser', '2026-06-13 20:53:23', 26, NULL, NULL, 'comptroller', '2026-06-13 21:01:59', 'accept', 'gsd', '2026-06-13 20:56:03', 'accept', 'president', '2026-06-13 21:02:31', 'accept', 'submitted'),
(32, 'accept', 'canvasser', '2026-06-13 23:23:28', 26, NULL, NULL, 'comptroller', '2026-06-13 23:24:53', 'accept', 'gsd', '2026-06-13 23:24:09', 'accept', 'president', '2026-06-13 23:25:20', 'accept', 'submitted'),
(33, 'accept', 'canvasser', '2026-06-15 14:09:43', 26, NULL, NULL, 'comptroller', '2026-06-15 14:13:18', 'accept', 'gsd', '2026-06-15 14:11:46', 'accept', 'president', '2026-06-15 14:13:46', 'accept', 'draft'),
(34, 'accept', 'canvasser', '2026-06-15 15:33:59', 26, NULL, NULL, 'comptroller', '2026-06-15 15:35:24', 'accept', 'gsd', '2026-06-15 15:34:52', 'accept', 'president', '2026-06-15 15:35:57', 'accept', 'draft'),
(35, 'accept', 'canvasser', '2026-06-17 15:23:08', 26, NULL, NULL, 'comptroller', '2026-06-17 20:09:00', 'accept', 'gsd', '2026-06-17 20:08:26', 'accept', 'president', '2026-06-17 20:09:21', 'accept', 'draft'),
(36, 'accept', 'canvasser', '2026-06-18 14:20:26', 26, NULL, NULL, 'comptroller', '2026-06-18 14:58:16', 'accept', 'gsd', '2026-06-18 14:57:37', 'accept', 'president', '2026-06-18 14:58:45', 'accept', 'draft'),
(37, 'accept', 'canvasser', '2026-06-18 18:08:10', 26, NULL, NULL, 'comptroller', '2026-06-18 18:10:32', 'accept', 'gsd', '2026-06-18 18:09:04', 'accept', 'president', '2026-06-18 18:11:22', 'accept', 'draft');

-- --------------------------------------------------------

--
-- Table structure for table `comptroller_action_history`
--

CREATE TABLE `comptroller_action_history` (
  `id` int(11) NOT NULL,
  `request_id` int(11) NOT NULL,
  `user_id` int(11) NOT NULL,
  `action` enum('accept','reject','pending') NOT NULL,
  `acted_at` datetime NOT NULL DEFAULT current_timestamp()
) ENGINE=InnoDB DEFAULT CHARSET=utf8mb4 COLLATE=utf8mb4_general_ci;

--
-- Dumping data for table `comptroller_action_history`
--

INSERT INTO `comptroller_action_history` (`id`, `request_id`, `user_id`, `action`, `acted_at`) VALUES
(1, 1, 21, 'accept', '2026-04-10 21:28:40'),
(2, 4, 21, 'reject', '2026-04-10 23:04:54'),
(5, 4, 21, 'reject', '2026-04-10 23:11:41'),
(6, 1, 21, 'reject', '2026-04-10 23:12:46'),
(7, 4, 21, 'accept', '2026-04-10 23:13:09'),
(8, 1, 21, 'accept', '2026-04-10 23:13:20'),
(9, 4, 21, 'reject', '2026-04-10 23:14:57'),
(10, 4, 21, 'accept', '2026-04-10 23:15:00'),
(11, 7, 21, 'accept', '2026-04-18 20:27:33'),
(12, 7, 21, 'pending', '2026-04-18 20:27:45'),
(13, 7, 21, 'accept', '2026-04-20 20:34:43'),
(14, 7, 21, 'pending', '2026-04-20 20:34:44'),
(15, 7, 21, 'reject', '2026-04-20 20:34:47'),
(16, 7, 21, 'pending', '2026-04-20 20:34:48'),
(17, 9, 21, 'accept', '2026-04-21 10:34:39'),
(18, 9, 21, 'pending', '2026-04-21 10:34:40'),
(19, 9, 21, 'reject', '2026-04-21 10:34:46'),
(20, 9, 21, 'pending', '2026-04-21 10:34:48'),
(21, 11, 21, 'accept', '2026-04-21 15:47:26'),
(22, 12, 21, 'accept', '2026-04-27 01:38:08'),
(23, 13, 21, 'accept', '2026-04-27 23:26:36'),
(24, 13, 21, 'pending', '2026-04-27 23:26:38'),
(25, 13, 21, 'accept', '2026-04-27 23:26:40'),
(26, 12, 21, 'accept', '2026-04-28 00:35:49'),
(27, 14, 21, 'accept', '2026-04-28 05:34:22'),
(28, 15, 21, 'reject', '2026-04-28 11:44:15'),
(29, 15, 21, 'pending', '2026-04-28 11:44:17'),
(30, 15, 21, 'accept', '2026-04-28 11:44:20'),
(31, 16, 21, 'accept', '2026-04-28 15:46:58'),
(32, 24, 21, 'accept', '2026-06-03 02:54:17'),
(33, 25, 21, 'accept', '2026-06-03 04:12:21'),
(34, 26, 21, 'accept', '2026-06-03 08:38:35'),
(35, 28, 21, 'accept', '2026-06-06 22:18:09'),
(36, 29, 21, 'accept', '2026-06-07 22:34:59'),
(37, 31, 21, 'accept', '2026-06-13 21:01:59'),
(38, 32, 21, 'accept', '2026-06-13 23:24:53'),
(39, 33, 21, 'accept', '2026-06-15 14:13:18'),
(40, 34, 21, 'accept', '2026-06-15 15:35:24'),
(41, 35, 21, 'accept', '2026-06-17 20:09:00'),
(42, 36, 21, 'accept', '2026-06-18 14:58:16'),
(43, 37, 21, 'accept', '2026-06-18 18:10:32');

-- --------------------------------------------------------

--
-- Table structure for table `facilities`
--

CREATE TABLE `facilities` (
  `facility_id` int(11) NOT NULL,
  `building` varchar(100) NOT NULL,
  `laboratory` varchar(100) DEFAULT NULL,
  `room` varchar(100) NOT NULL,
  `type` text NOT NULL,
  `floor` varchar(100) DEFAULT NULL,
  `office_id` int(11) NOT NULL,
  `code` varchar(100) NOT NULL,
  `date_created` datetime NOT NULL DEFAULT current_timestamp()
) ENGINE=InnoDB DEFAULT CHARSET=utf8mb4 COLLATE=utf8mb4_general_ci;

--
-- Dumping data for table `facilities`
--

INSERT INTO `facilities` (`facility_id`, `building`, `laboratory`, `room`, `type`, `floor`, `office_id`, `code`, `date_created`) VALUES
(1, 'WLC Main Buiding', 'lab 1', '', 'Laboratory', '1st floor', 1, 'WLCU01', '2026-05-11 20:22:00'),
(2, 'WLC Main Buiding', 'Lab 2', '', 'Computer Lab', '1st floor', 1, 'WLCU02', '2026-05-03 20:21:31'),
(3, 'Nursing Buiding', 'lab 1', '', 'Laboratories', '1st floor', 2, '', '2026-05-03 20:21:31'),
(4, 'Nursing Buiding', '', 'Room 1', 'Classroom', '1st floor', 2, '', '2026-05-03 20:21:31'),
(5, 'Nursing Buiding', 'lab 3', '', 'Laboratories', '1st floor', 2, '', '2026-05-03 20:21:31'),
(6, 'WLC Main Buiding', 'lab 3', '', 'Computer Lab', '1st floor', 1, 'WLCU03', '2026-05-03 20:21:31'),
(7, 'COAB Buildings', '', 'Room 1', 'Classroom', '1st floor', 7, 'WLC-COED-01', '2026-05-03 20:21:31'),
(8, 'WLC main building', 'lab 4', '', 'Laboratory', '4th floor', 1, 'WLCU04', '2026-05-11 21:15:41'),
(9, 'WLC Main Buiding', 'Lab 5', '', 'Laboratory', '3rd floor', 1, 'WLCU05', '2026-06-03 02:21:39'),
(11, 'dasdas', 'dadsad', '', 'Laboratory', 'sadasd', 1, 'dsadas', '2026-06-11 19:46:20'),
(12, 'WLC Main Buiding', '', 'Inventory Office', 'Room', '1st floor', 3, 'WLC-INV-A', '2026-06-18 04:18:53');

-- --------------------------------------------------------

--
-- Table structure for table `gsd_action_history`
--

CREATE TABLE `gsd_action_history` (
  `id` int(11) NOT NULL,
  `request_id` int(11) NOT NULL,
  `user_id` int(11) NOT NULL,
  `action` enum('accept','reject','pending') NOT NULL,
  `acted_at` datetime NOT NULL DEFAULT current_timestamp()
) ENGINE=InnoDB DEFAULT CHARSET=utf8mb4 COLLATE=utf8mb4_general_ci;

--
-- Dumping data for table `gsd_action_history`
--

INSERT INTO `gsd_action_history` (`id`, `request_id`, `user_id`, `action`, `acted_at`) VALUES
(1, 4, 22, 'reject', '2026-04-12 18:03:57'),
(2, 4, 22, 'accept', '2026-04-12 18:04:13'),
(3, 4, 22, 'reject', '2026-04-17 12:14:39'),
(4, 4, 22, 'pending', '2026-04-17 12:14:42'),
(5, 4, 22, 'accept', '2026-04-17 12:19:41'),
(6, 4, 22, 'pending', '2026-04-17 12:19:44'),
(7, 7, 22, 'accept', '2026-04-20 20:26:39'),
(8, 7, 22, 'pending', '2026-04-20 20:26:41'),
(9, 4, 22, 'accept', '2026-04-20 20:30:29'),
(10, 11, 22, 'accept', '2026-04-21 15:44:34'),
(11, 12, 22, 'accept', '2026-04-27 00:11:57'),
(12, 12, 22, 'pending', '2026-04-27 00:12:01'),
(13, 11, 22, 'accept', '2026-04-27 01:10:33'),
(14, 11, 22, 'pending', '2026-04-27 01:10:35'),
(15, 12, 22, 'accept', '2026-04-27 01:18:33'),
(16, 12, 22, 'accept', '2026-04-27 01:41:20'),
(17, 13, 22, 'accept', '2026-04-27 23:10:54'),
(18, 13, 22, 'pending', '2026-04-27 23:11:01'),
(19, 13, 22, 'accept', '2026-04-27 23:14:34'),
(20, 13, 22, 'pending', '2026-04-27 23:14:42'),
(21, 13, 22, 'accept', '2026-04-27 23:14:52'),
(22, 13, 22, 'pending', '2026-04-28 00:31:58'),
(23, 13, 22, 'accept', '2026-04-28 00:32:07'),
(24, 12, 22, 'accept', '2026-04-28 00:35:17'),
(25, 14, 22, 'accept', '2026-04-28 05:33:29'),
(26, 15, 22, 'accept', '2026-04-28 11:43:31'),
(27, 16, 22, 'accept', '2026-04-28 15:46:02'),
(28, 24, 22, 'accept', '2026-06-03 01:40:28'),
(29, 25, 22, 'accept', '2026-06-03 04:07:05'),
(30, 26, 22, 'accept', '2026-06-03 08:35:57'),
(31, 28, 22, 'accept', '2026-06-06 21:59:53'),
(32, 29, 22, 'accept', '2026-06-07 22:32:42'),
(33, 31, 22, 'accept', '2026-06-13 20:56:03'),
(34, 32, 22, 'accept', '2026-06-13 23:24:09'),
(35, 33, 22, 'accept', '2026-06-15 14:11:46'),
(36, 34, 22, 'accept', '2026-06-15 15:34:52'),
(37, 35, 22, 'accept', '2026-06-17 20:08:26'),
(38, 36, 22, 'reject', '2026-06-18 14:04:58'),
(39, 36, 22, 'pending', '2026-06-18 14:05:46'),
(40, 36, 22, 'accept', '2026-06-18 14:57:37'),
(41, 37, 22, 'accept', '2026-06-18 18:09:04');

-- --------------------------------------------------------

--
-- Table structure for table `inventory`
--

CREATE TABLE `inventory` (
  `inventory_id` int(11) NOT NULL,
  `name` varchar(100) NOT NULL,
  `facility_id` int(11) NOT NULL,
  `acquisition_date` date DEFAULT NULL,
  `remarks` text DEFAULT NULL,
  `created_at` timestamp NOT NULL DEFAULT current_timestamp(),
  `user_id` int(11) DEFAULT NULL,
  `item_code` varchar(100) NOT NULL,
  `request_id` int(11) NOT NULL
) ENGINE=InnoDB DEFAULT CHARSET=utf8mb4 COLLATE=utf8mb4_general_ci;

--
-- Dumping data for table `inventory`
--

INSERT INTO `inventory` (`inventory_id`, `name`, `facility_id`, `acquisition_date`, `remarks`, `created_at`, `user_id`, `item_code`, `request_id`) VALUES
(50, 'Computer set 1', 2, '2026-04-21', '', '2026-04-21 07:23:41', 19, 'WLCU02000001', 0),
(51, 'Computer Set 1', 1, '2026-04-28', '', '2026-04-27 20:00:33', 19, 'WLCU01000001', 0),
(52, 'Computer Set 2', 1, '2026-04-28', '', '2026-04-27 20:56:31', 19, 'WLCU01000002', 0),
(53, 'Computer Set 3', 1, '2026-04-28', '', '2026-04-28 08:04:51', 19, 'WLCU01000003', 0),
(54, 'Computer Set 1', 12, '2026-06-18', '', '2026-06-18 07:41:30', NULL, 'WLC-INV-A000001', 0),
(55, 'Computer Set 2', 12, NULL, '', '2026-06-18 07:41:52', NULL, 'WLC-INV-A000002', 0);

-- --------------------------------------------------------

--
-- Table structure for table `items`
--

CREATE TABLE `items` (
  `item_id` int(11) NOT NULL,
  `item_name` varchar(150) NOT NULL,
  `brand` varchar(100) DEFAULT NULL,
  `model` varchar(100) DEFAULT NULL,
  `description` text DEFAULT NULL,
  `category` varchar(100) DEFAULT NULL,
  `unit` varchar(50) DEFAULT NULL,
  `status` varchar(50) DEFAULT 'Active',
  `created_at` timestamp NOT NULL DEFAULT current_timestamp(),
  `supplier_id` int(11) DEFAULT NULL,
  `photo_url` varchar(100) NOT NULL
) ENGINE=InnoDB DEFAULT CHARSET=utf8mb4 COLLATE=utf8mb4_general_ci;

--
-- Dumping data for table `items`
--

INSERT INTO `items` (`item_id`, `item_name`, `brand`, `model`, `description`, `category`, `unit`, `status`, `created_at`, `supplier_id`, `photo_url`) VALUES
(10, 'Motherboard', 'Lenovo', 'thinkpad x31', 'asasdasd', 'Electronics', 'Piece', 'Active', '2026-04-01 02:04:07', 1, 'uploads/inventory/item_1776735552_0f385a9a.webp'),
(11, 'RAM', 'Atech', 'asas', '', 'Electronics', 'Set', 'Active', '2026-04-01 02:06:13', 3, 'uploads/inventory/item_1776735561_359d66e6.jpg');

-- --------------------------------------------------------

--
-- Table structure for table `item_components`
--

CREATE TABLE `item_components` (
  `component_id` int(11) NOT NULL,
  `parent_item_id` int(11) NOT NULL,
  `component_item_id` int(11) NOT NULL,
  `quantity` int(11) NOT NULL DEFAULT 1,
  `condition_status` varchar(50) DEFAULT NULL,
  `status` varchar(50) DEFAULT 'Available',
  `code` varchar(50) DEFAULT NULL,
  `created_at` timestamp NOT NULL DEFAULT current_timestamp(),
  `photo_url` varchar(100) NOT NULL
) ENGINE=InnoDB DEFAULT CHARSET=utf8mb4 COLLATE=utf8mb4_general_ci COMMENT='Additional catalog parts only; primary part is inventory.item_id. Do not mirror the primary item_id here.';

--
-- Dumping data for table `item_components`
--

INSERT INTO `item_components` (`component_id`, `parent_item_id`, `component_item_id`, `quantity`, `condition_status`, `status`, `code`, `created_at`, `photo_url`) VALUES
(56, 50, 11, 1, 'Good', 'Available', 'WLCU02000001', '2026-04-21 07:23:41', 'uploads/inventory/1776756221_69e725fd54a7d_images.jpg'),
(64, 51, 11, 1, 'Good', 'Available', 'WLCU01000001', '2026-04-27 20:00:33', 'uploads/inventory/1777320033_69efc06126a32_Screenshot2026-04-25032815.png'),
(68, 51, 10, 1, 'Good', 'Available', 'WLCU01000001', '2026-04-27 20:54:26', ''),
(69, 52, 10, 1, 'Good', 'Available', 'WLCU01000002', '2026-04-27 20:56:31', ''),
(70, 52, 11, 1, 'Good', 'Available', 'WLCU01000002', '2026-04-27 20:56:31', ''),
(71, 53, 10, 1, 'Good', 'Available', 'WLCU01000003', '2026-04-28 08:04:51', ''),
(72, 53, 11, 1, 'Good', 'Available', 'WLCU01000003', '2026-04-28 08:04:51', ''),
(73, 54, 10, 1, 'Good', 'Available', 'WLC-INV-A000001', '2026-06-18 07:41:30', ''),
(74, 54, 11, 1, 'Good', 'Available', 'WLC-INV-A000001', '2026-06-18 07:41:30', ''),
(75, 55, 10, 1, 'Good', 'Available', 'WLC-INV-A000002', '2026-06-18 07:41:52', ''),
(76, 55, 11, 1, NULL, 'Available', 'WLC-INV-A000002', '2026-06-18 07:41:52', '');

-- --------------------------------------------------------

--
-- Table structure for table `item_supplier`
--

CREATE TABLE `item_supplier` (
  `item_supplier_id` int(11) NOT NULL,
  `item_id` int(11) NOT NULL,
  `supplier_id` int(11) NOT NULL,
  `sort_order` int(11) NOT NULL DEFAULT 0
) ENGINE=InnoDB DEFAULT CHARSET=utf8mb4 COLLATE=utf8mb4_unicode_ci;

--
-- Dumping data for table `item_supplier`
--

INSERT INTO `item_supplier` (`item_supplier_id`, `item_id`, `supplier_id`, `sort_order`) VALUES
(1, 10, 1, 0),
(2, 11, 3, 0);

-- --------------------------------------------------------

--
-- Table structure for table `log_history`
--

CREATE TABLE `log_history` (
  `log_id` int(11) NOT NULL,
  `user_id` int(11) NOT NULL,
  `time_in` datetime NOT NULL DEFAULT current_timestamp(),
  `time_out` datetime NOT NULL DEFAULT current_timestamp()
) ENGINE=InnoDB DEFAULT CHARSET=utf8mb4 COLLATE=utf8mb4_general_ci;

--
-- Dumping data for table `log_history`
--

INSERT INTO `log_history` (`log_id`, `user_id`, `time_in`, `time_out`) VALUES
(102, 16, '2026-01-27 08:47:42', '2026-02-06 11:10:48'),
(103, 16, '2026-02-06 11:11:39', '2026-02-26 19:01:41'),
(104, 16, '2026-02-26 19:02:25', '2026-03-10 12:49:36'),
(105, 16, '2026-03-10 21:58:09', '2026-03-12 13:02:32'),
(106, 16, '2026-03-21 22:52:03', '2026-03-21 22:52:36'),
(107, 16, '2026-03-22 21:40:40', '2026-03-22 21:47:21'),
(108, 16, '2026-03-22 21:57:33', '2026-03-22 21:57:58'),
(109, 18, '2026-03-22 22:00:02', '2026-03-31 09:42:24'),
(110, 16, '2026-03-22 22:27:34', '2026-03-23 23:01:14'),
(111, 16, '2026-03-29 20:08:27', '2026-03-31 09:40:12'),
(112, 16, '2026-03-31 09:55:25', '2026-04-01 08:52:12'),
(113, 18, '2026-04-01 08:16:59', '2026-04-01 08:50:42'),
(114, 18, '2026-04-01 08:51:41', '2026-04-01 08:51:49'),
(115, 16, '2026-04-01 08:52:23', '2026-04-01 08:52:37'),
(116, 18, '2026-04-01 08:52:55', '2026-04-01 08:53:03'),
(117, 18, '2026-04-01 09:01:28', '2026-04-01 09:01:35'),
(118, 18, '2026-04-01 09:05:59', '2026-04-01 09:06:28'),
(119, 16, '2026-04-01 09:06:43', '2026-04-01 10:07:57'),
(120, 18, '2026-04-01 10:08:15', '2026-04-09 22:50:42'),
(121, 16, '2026-04-01 20:14:11', '2026-04-07 10:41:54'),
(122, 16, '2026-04-09 22:50:56', '2026-04-09 22:51:25'),
(123, 18, '2026-04-09 22:51:41', '2026-04-10 12:25:51'),
(124, 18, '2026-04-10 12:26:06', '2026-04-10 12:26:12'),
(125, 18, '2026-04-10 12:26:22', '2026-04-10 12:26:26'),
(126, 18, '2026-04-10 12:40:18', '2026-04-10 12:42:08'),
(127, 18, '2026-04-10 12:42:21', '2026-04-10 12:42:29'),
(128, 16, '2026-04-10 12:42:44', '2026-04-10 12:55:14'),
(129, 18, '2026-04-10 12:55:32', '2026-04-10 18:48:41'),
(130, 16, '2026-04-10 12:59:06', '2026-04-10 18:55:05'),
(131, 21, '2026-04-10 18:55:25', '2026-04-10 18:56:49'),
(132, 21, '2026-04-10 18:57:14', '2026-04-10 19:00:03'),
(133, 21, '2026-04-10 19:00:19', '2026-04-10 19:00:25'),
(134, 21, '2026-04-10 19:03:42', '2026-04-10 22:02:27'),
(135, 18, '2026-04-10 22:02:48', '2026-04-10 22:36:34'),
(136, 16, '2026-04-10 22:36:48', '2026-04-10 22:37:13'),
(137, 21, '2026-04-10 22:37:33', '2026-04-10 22:38:01'),
(138, 16, '2026-04-10 22:42:59', '2026-04-10 22:43:38'),
(139, 16, '2026-04-10 22:46:11', '2026-04-10 22:46:16'),
(140, 16, '2026-04-10 22:46:30', '2026-04-10 22:46:38'),
(141, 18, '2026-04-10 22:46:54', '2026-04-10 22:47:07'),
(142, 16, '2026-04-10 22:47:50', '2026-04-10 22:47:55'),
(143, 21, '2026-04-10 22:48:10', '2026-04-10 22:48:15'),
(144, 16, '2026-04-10 22:53:45', '2026-04-10 22:55:03'),
(145, 18, '2026-04-10 22:55:15', '2026-04-10 22:56:03'),
(146, 21, '2026-04-10 22:56:19', '2026-04-10 23:21:22'),
(147, 16, '2026-04-10 23:22:16', '2026-04-11 19:15:32'),
(148, 22, '2026-04-11 19:15:48', '2026-04-11 19:16:07'),
(149, 16, '2026-04-11 19:16:20', '2026-04-11 19:17:24'),
(150, 22, '2026-04-11 19:17:39', '2026-04-11 19:18:44'),
(151, 16, '2026-04-11 19:19:03', '2026-04-12 17:41:42'),
(152, 22, '2026-04-11 19:20:20', '2026-04-12 18:15:41'),
(153, 21, '2026-04-12 17:42:21', '2026-04-12 18:51:57'),
(154, 16, '2026-04-12 18:15:49', '2026-04-12 18:34:12'),
(155, 16, '2026-04-12 18:34:49', '2026-04-12 18:47:16'),
(156, 18, '2026-04-12 18:47:31', '2026-04-12 18:51:13'),
(157, 22, '2026-04-12 18:52:17', '2026-04-12 18:52:29'),
(158, 18, '2026-04-12 18:52:42', '2026-04-12 19:15:00'),
(159, 16, '2026-04-12 18:56:11', '2026-04-12 19:26:49'),
(160, 22, '2026-04-12 19:15:17', '2026-04-12 19:19:45'),
(161, 24, '2026-04-12 19:27:04', '2026-04-12 19:27:19'),
(162, 24, '2026-04-12 19:27:36', '2026-04-12 19:27:56'),
(163, 24, '2026-04-12 19:28:33', '2026-04-12 19:32:37'),
(164, 24, '2026-04-12 19:33:00', '2026-04-12 19:36:57'),
(165, 16, '2026-04-12 19:37:10', '2026-04-12 19:37:26'),
(166, 24, '2026-04-12 20:04:10', '2026-04-12 20:04:41'),
(167, 22, '2026-04-12 20:05:00', '2026-04-12 20:05:41'),
(168, 21, '2026-04-12 20:05:55', '2026-04-12 20:09:23'),
(169, 22, '2026-04-12 20:10:00', '2026-04-12 20:10:13'),
(170, 24, '2026-04-12 20:10:27', '2026-04-12 20:22:27'),
(171, 22, '2026-04-12 20:22:46', '2026-04-12 20:23:37'),
(172, 24, '2026-04-12 20:23:55', '2026-04-12 20:29:04'),
(173, 22, '2026-04-12 20:29:26', '2026-04-12 20:36:26'),
(174, 24, '2026-04-12 20:36:54', '2026-04-12 20:37:33'),
(175, 22, '2026-04-12 20:37:45', '2026-04-12 20:54:38'),
(176, 22, '2026-04-12 20:55:16', '2026-04-12 20:55:42'),
(177, 24, '2026-04-12 20:55:57', '2026-04-12 21:11:25'),
(178, 22, '2026-04-12 21:12:05', '2026-04-12 21:12:14'),
(179, 21, '2026-04-12 21:12:39', '2026-04-12 21:12:50'),
(180, 16, '2026-04-13 19:59:06', '2026-04-13 20:09:45'),
(185, 16, '2026-04-13 20:15:30', '2026-04-13 20:16:04'),
(186, 18, '2026-04-13 20:16:23', '2026-04-13 20:17:09'),
(187, 21, '2026-04-13 20:17:24', '2026-04-13 20:17:43'),
(188, 22, '2026-04-13 20:18:00', '2026-04-13 20:18:43'),
(189, 24, '2026-04-13 20:19:07', '2026-04-13 20:19:38'),
(190, 16, '2026-04-13 20:21:25', '2026-04-13 20:21:48'),
(191, 18, '2026-04-13 20:22:16', '2026-04-13 20:22:50'),
(192, 21, '2026-04-13 20:23:05', '2026-04-13 20:23:27'),
(193, 22, '2026-04-13 20:23:40', '2026-04-13 20:24:03'),
(194, 24, '2026-04-13 20:24:16', '2026-04-13 20:24:50'),
(195, 18, '2026-04-13 20:25:08', '2026-04-13 20:25:27'),
(196, 21, '2026-04-13 20:25:45', '2026-04-13 20:26:00'),
(199, 22, '2026-04-14 20:27:40', '2026-04-14 20:52:06'),
(201, 16, '2026-04-17 11:55:24', '2026-04-17 11:56:21'),
(202, 22, '2026-04-17 11:56:34', '2026-04-17 12:01:50'),
(203, 18, '2026-04-17 12:02:05', '2026-04-17 12:02:23'),
(204, 22, '2026-04-17 12:02:48', '2026-04-17 12:25:04'),
(205, 26, '2026-04-17 12:25:17', '2026-04-17 12:42:50'),
(206, 22, '2026-04-17 12:43:04', '2026-04-17 12:43:19'),
(207, 26, '2026-04-17 12:43:37', '2026-04-17 12:54:45'),
(208, 18, '2026-04-18 20:11:11', '2026-04-18 20:26:26'),
(209, 16, '2026-04-18 20:26:39', '2026-04-18 20:27:03'),
(210, 21, '2026-04-18 20:27:22', '2026-04-18 20:27:48'),
(211, 24, '2026-04-18 20:28:24', '2026-04-18 20:31:19'),
(212, 22, '2026-04-18 20:31:31', '2026-04-18 20:31:50'),
(213, 26, '2026-04-18 20:32:02', '2026-04-20 20:30:03'),
(214, 16, '2026-04-20 20:11:07', '2026-04-20 20:25:51'),
(215, 22, '2026-04-20 20:26:06', '2026-04-20 20:27:41'),
(216, 22, '2026-04-20 20:30:16', '2026-04-20 20:30:46'),
(217, 26, '2026-04-20 20:31:08', '2026-04-20 20:31:17'),
(218, 18, '2026-04-20 20:31:30', '2026-04-20 20:34:15'),
(219, 21, '2026-04-20 20:34:33', '2026-04-20 20:35:19'),
(220, 24, '2026-04-20 20:35:44', '2026-04-20 20:36:29'),
(221, 16, '2026-04-20 20:47:10', '2026-04-20 22:45:23'),
(222, 18, '2026-04-20 22:45:35', '2026-04-20 22:53:11'),
(223, 22, '2026-04-20 22:53:25', '2026-04-20 23:18:19'),
(224, 27, '2026-04-20 23:18:36', '2026-04-20 23:18:43'),
(225, 22, '2026-04-20 23:18:58', '2026-04-20 23:19:21'),
(226, 27, '2026-04-20 23:19:47', '2026-04-20 23:29:32'),
(227, 16, '2026-04-21 09:25:00', '2026-04-21 09:53:19'),
(228, 18, '2026-04-21 09:53:37', '2026-04-21 10:21:05'),
(229, 22, '2026-04-21 10:21:19', '2026-04-21 10:31:01'),
(230, 27, '2026-04-21 10:31:12', '2026-04-21 10:34:09'),
(231, 21, '2026-04-21 10:34:22', '2026-04-21 10:34:54'),
(232, 24, '2026-04-21 10:35:07', '2026-04-21 10:35:47'),
(233, 16, '2026-04-21 13:23:14', '2026-04-21 13:23:54'),
(234, 18, '2026-04-21 13:24:07', '2026-04-21 13:26:45'),
(235, 22, '2026-04-21 13:27:13', '2026-04-21 13:28:39'),
(236, 27, '2026-04-21 13:28:53', '2026-04-21 13:37:20'),
(237, 16, '2026-04-21 13:30:02', '2026-04-21 13:30:13'),
(238, 22, '2026-04-21 13:30:25', '2026-04-21 13:30:39'),
(239, 16, '2026-04-21 13:37:37', '2026-04-21 13:40:22'),
(240, 16, '2026-04-21 13:52:01', '2026-04-21 13:54:57'),
(241, 18, '2026-04-21 13:55:24', '2026-04-21 13:58:08'),
(242, 18, '2026-04-21 13:58:23', '2026-04-21 13:59:29'),
(243, 19, '2026-04-21 14:02:14', '2026-04-21 14:02:38'),
(244, 16, '2026-04-21 14:55:46', '2026-04-21 14:56:58'),
(245, 16, '2026-04-21 15:09:04', '2026-04-21 15:09:44'),
(246, 18, '2026-04-21 15:09:59', '2026-04-21 15:11:41'),
(247, 16, '2026-04-21 15:19:00', '2026-04-21 15:25:34'),
(248, 18, '2026-04-21 15:25:49', '2026-04-21 15:34:25'),
(249, 22, '2026-04-21 15:34:44', '2026-04-21 15:35:17'),
(250, 27, '2026-04-21 15:35:34', '2026-04-21 15:44:03'),
(251, 22, '2026-04-21 15:44:18', '2026-04-21 15:44:38'),
(252, 21, '2026-04-21 15:46:42', '2026-04-27 01:38:13'),
(253, 26, '2026-04-22 12:34:31', '2026-04-22 12:34:42'),
(254, 18, '2026-04-22 22:32:52', '2026-04-22 23:14:13'),
(255, 16, '2026-04-22 23:14:26', '2026-04-22 23:15:05'),
(256, 18, '2026-04-22 23:15:30', '2026-04-22 23:44:02'),
(257, 16, '2026-04-22 23:44:15', '2026-04-22 23:49:46'),
(258, 18, '2026-04-22 23:50:06', '2026-04-22 23:50:23'),
(259, 16, '2026-04-22 23:50:38', '2026-04-22 23:54:18'),
(260, 16, '2026-04-22 23:54:31', '2026-04-22 23:58:23'),
(261, 16, '2026-04-22 23:58:43', '2026-04-23 00:02:39'),
(262, 16, '2026-04-23 00:04:22', '2026-04-26 20:25:40'),
(263, 18, '2026-04-26 20:25:57', '2026-04-26 22:27:36'),
(264, 16, '2026-04-26 22:27:48', '2026-04-26 22:32:17'),
(265, 18, '2026-04-26 22:32:27', '2026-04-26 23:09:46'),
(266, 16, '2026-04-26 23:09:57', '2026-04-26 23:18:17'),
(267, 18, '2026-04-26 23:18:42', '2026-04-26 23:21:23'),
(268, 16, '2026-04-26 23:21:33', '2026-04-26 23:28:08'),
(269, 16, '2026-04-26 23:28:26', '2026-04-26 23:28:33'),
(270, 18, '2026-04-26 23:28:49', '2026-04-26 23:55:41'),
(271, 22, '2026-04-26 23:55:59', '2026-04-27 00:14:49'),
(272, 18, '2026-04-27 00:15:10', '2026-04-27 00:16:17'),
(273, 22, '2026-04-27 00:16:40', '2026-04-27 00:17:01'),
(274, 18, '2026-04-27 00:17:22', '2026-04-27 00:30:44'),
(275, 22, '2026-04-27 00:31:04', '2026-04-27 00:31:24'),
(276, 26, '2026-04-27 00:31:41', '2026-04-27 01:04:21'),
(277, 18, '2026-04-27 01:04:35', '2026-04-27 01:05:15'),
(278, 22, '2026-04-27 01:05:28', '2026-04-27 01:06:48'),
(279, 18, '2026-04-27 01:08:14', '2026-04-27 01:08:21'),
(280, 16, '2026-04-27 01:08:31', '2026-04-27 01:09:02'),
(281, 18, '2026-04-27 01:09:20', '2026-04-27 01:09:57'),
(282, 22, '2026-04-27 01:10:14', '2026-04-27 01:12:22'),
(283, 26, '2026-04-27 01:12:39', '2026-04-27 01:17:18'),
(284, 18, '2026-04-27 01:17:32', '2026-04-27 01:18:10'),
(285, 22, '2026-04-27 01:18:24', '2026-04-27 01:18:43'),
(286, 24, '2026-04-27 01:38:30', '2026-04-27 01:39:29'),
(287, 16, '2026-04-27 01:39:47', '2026-04-27 01:40:11'),
(288, 18, '2026-04-27 01:40:31', '2026-04-27 01:40:58'),
(289, 22, '2026-04-27 01:41:10', '2026-04-27 01:41:51'),
(290, 18, '2026-04-27 01:42:02', '2026-04-27 02:11:38'),
(291, 16, '2026-04-27 02:11:51', '2026-04-27 02:24:52'),
(292, 18, '2026-04-27 02:25:08', '2026-04-27 02:25:35'),
(293, 16, '2026-04-27 02:25:50', '2026-04-27 02:33:34'),
(294, 18, '2026-04-27 02:33:48', '2026-04-27 02:35:37'),
(295, 16, '2026-04-27 02:35:47', '2026-04-27 22:29:44'),
(296, 18, '2026-04-27 21:38:49', '2026-04-27 21:41:19'),
(297, 22, '2026-04-27 21:41:35', '2026-04-27 22:21:47'),
(298, 21, '2026-04-27 22:22:00', '2026-04-27 22:24:47'),
(299, 22, '2026-04-27 22:25:01', '2026-04-27 22:25:15'),
(300, 26, '2026-04-27 22:25:26', '2026-04-27 22:26:21'),
(301, 18, '2026-04-27 22:28:13', '2026-04-27 22:29:05'),
(302, 18, '2026-04-27 22:30:10', '2026-04-27 22:36:38'),
(303, 22, '2026-04-27 22:36:53', '2026-04-27 22:46:14'),
(304, 27, '2026-04-27 22:46:29', '2026-04-27 22:46:45'),
(305, 26, '2026-04-27 22:47:00', '2026-04-27 22:49:41'),
(306, 22, '2026-04-27 22:49:54', '2026-04-27 23:15:17'),
(307, 21, '2026-04-27 23:15:27', '2026-04-27 23:26:44'),
(308, 24, '2026-04-27 23:27:06', '2026-04-27 23:32:03'),
(309, 18, '2026-04-27 23:37:08', '2026-04-28 00:07:17'),
(310, 16, '2026-04-28 00:07:38', '2026-04-28 00:10:35'),
(311, 22, '2026-04-28 00:11:31', '2026-04-28 00:12:06'),
(312, 26, '2026-04-28 00:12:21', '2026-04-28 00:31:07'),
(313, 22, '2026-04-28 00:31:23', '2026-04-28 00:35:23'),
(314, 21, '2026-04-28 00:35:35', '2026-04-28 00:35:52'),
(315, 24, '2026-04-28 00:36:07', '2026-04-28 01:55:00'),
(316, 16, '2026-04-28 01:55:11', '2026-04-28 02:47:37'),
(317, 24, '2026-04-28 02:47:56', '2026-04-28 02:51:16'),
(318, 16, '2026-04-28 02:51:28', '2026-04-28 02:51:59'),
(319, 24, '2026-04-28 02:52:39', '2026-04-28 02:55:33'),
(320, 16, '2026-04-28 02:55:46', '2026-04-28 05:18:05'),
(321, 18, '2026-04-28 05:18:18', '2026-04-28 05:18:49'),
(322, 16, '2026-04-28 05:19:08', '2026-04-28 05:28:54'),
(323, 18, '2026-04-28 05:29:10', '2026-04-28 05:31:19'),
(324, 22, '2026-04-28 05:31:36', '2026-04-28 05:32:00'),
(325, 27, '2026-04-28 05:32:14', '2026-04-28 05:32:48'),
(326, 22, '2026-04-28 05:33:00', '2026-04-28 05:33:39'),
(327, 21, '2026-04-28 05:34:04', '2026-04-28 05:34:26'),
(328, 24, '2026-04-28 05:34:48', '2026-04-28 05:35:15'),
(329, 18, '2026-04-28 05:35:32', '2026-04-28 05:36:08'),
(330, 16, '2026-04-28 05:36:24', '2026-04-28 05:37:40'),
(331, 24, '2026-04-28 05:37:57', '2026-04-28 05:38:20'),
(332, 18, '2026-04-28 05:38:37', '2026-04-28 06:02:17'),
(333, 16, '2026-04-28 11:07:29', '2026-04-28 11:17:03'),
(334, 18, '2026-04-28 11:17:19', '2026-04-28 11:29:36'),
(335, 16, '2026-04-28 11:29:47', '2026-04-28 11:35:51'),
(336, 18, '2026-04-28 11:36:06', '2026-04-28 11:37:11'),
(337, 16, '2026-04-28 11:37:27', '2026-04-28 11:37:59'),
(338, 18, '2026-04-28 11:38:22', '2026-04-28 11:39:31'),
(339, 22, '2026-04-28 11:39:44', '2026-04-28 11:40:05'),
(340, 26, '2026-04-28 11:40:17', '2026-04-28 11:41:09'),
(341, 22, '2026-04-28 11:41:31', '2026-04-28 11:43:38'),
(342, 21, '2026-04-28 11:43:50', '2026-04-28 11:44:43'),
(343, 24, '2026-04-28 11:45:04', '2026-04-28 11:53:22'),
(344, 18, '2026-04-28 11:53:32', '2026-04-28 14:41:15'),
(345, 16, '2026-04-28 14:41:29', '2026-04-28 14:42:46'),
(346, 16, '2026-04-28 14:45:52', '2026-04-28 14:52:33'),
(347, 18, '2026-04-28 14:52:55', '2026-04-28 15:29:13'),
(348, 16, '2026-04-28 15:29:26', '2026-04-28 15:30:51'),
(349, 18, '2026-04-28 15:31:03', '2026-04-28 15:42:34'),
(350, 22, '2026-04-28 15:43:47', '2026-04-28 15:44:19'),
(351, 26, '2026-04-28 15:44:33', '2026-04-28 15:45:01'),
(352, 22, '2026-04-28 15:45:20', '2026-04-28 15:46:20'),
(353, 21, '2026-04-28 15:46:40', '2026-04-28 15:47:19'),
(354, 24, '2026-04-28 15:47:34', '2026-04-28 16:02:46'),
(355, 16, '2026-04-28 16:03:03', '2026-04-29 17:28:16'),
(356, 16, '2026-04-29 17:41:58', '2026-04-29 17:56:48'),
(357, 16, '2026-04-29 18:03:28', '2026-04-29 18:03:33'),
(358, 16, '2026-04-29 18:55:51', '2026-04-29 18:55:58'),
(359, 16, '2026-04-29 18:56:15', '2026-04-29 18:57:56'),
(360, 16, '2026-04-29 19:03:15', '2026-04-29 19:04:17'),
(361, 16, '2026-04-29 19:05:33', '2026-04-29 19:05:38'),
(362, 16, '2026-04-29 19:19:06', '2026-04-29 19:19:19'),
(363, 26, '2026-04-29 19:26:01', '2026-04-29 19:26:05'),
(364, 27, '2026-04-29 19:29:15', '2026-04-29 19:31:36'),
(365, 16, '2026-04-29 19:47:18', '2026-04-29 19:48:24'),
(366, 16, '2026-04-29 19:49:44', '2026-04-29 20:19:38'),
(367, 26, '2026-04-29 20:19:55', '2026-04-29 20:20:11'),
(368, 16, '2026-04-29 20:21:55', '2026-04-29 21:15:19'),
(369, 18, '2026-04-29 21:15:48', '2026-04-29 21:17:44'),
(370, 16, '2026-04-29 21:18:05', '2026-04-29 21:43:00'),
(371, 18, '2026-04-29 21:43:21', '2026-04-29 21:49:10'),
(372, 16, '2026-04-29 21:49:23', '2026-04-29 22:03:07'),
(373, 18, '2026-04-29 22:03:19', '2026-04-29 22:04:47'),
(374, 16, '2026-04-29 22:07:55', '2026-04-29 22:27:53'),
(375, 16, '2026-04-29 22:29:08', '2026-04-29 22:53:58'),
(376, 16, '2026-04-29 22:58:01', '2026-04-29 23:21:22'),
(377, 16, '2026-04-30 00:33:55', '2026-04-30 00:48:55'),
(378, 16, '2026-04-30 00:58:15', '2026-04-30 01:32:07'),
(379, 16, '2026-04-30 02:03:40', '2026-04-30 02:51:05'),
(380, 16, '2026-04-30 06:51:47', '2026-04-30 07:08:29'),
(381, 18, '2026-04-30 07:08:41', '2026-04-30 07:18:48'),
(382, 16, '2026-04-30 07:19:08', '2026-04-30 08:46:18'),
(383, 16, '2026-04-30 08:50:51', '2026-04-30 09:11:45'),
(384, 16, '2026-04-30 09:12:20', '2026-04-30 09:16:16'),
(385, 18, '2026-04-30 09:16:29', '2026-04-30 09:25:05'),
(386, 16, '2026-04-30 09:25:25', '2026-04-30 09:25:46'),
(387, 18, '2026-04-30 09:26:05', '2026-04-30 09:33:28'),
(388, 16, '2026-04-30 09:33:43', '2026-04-30 10:40:09'),
(389, 19, '2026-04-30 10:40:56', '2026-04-30 10:41:13'),
(390, 16, '2026-04-30 10:42:23', '2026-04-30 10:43:15'),
(391, 18, '2026-04-30 10:43:35', '2026-05-11 21:19:34'),
(392, 16, '2026-04-30 10:47:22', '2026-04-30 10:52:06'),
(393, 16, '2026-04-30 11:01:18', '2026-04-30 11:06:36'),
(398, 16, '2026-04-30 11:11:40', '2026-04-30 11:12:52'),
(399, 16, '2026-04-30 11:13:38', '2026-04-30 11:13:42'),
(400, 16, '2026-05-05 20:53:45', '2026-05-11 20:49:23'),
(401, 18, '2026-05-12 09:33:05', '2026-05-12 09:34:22'),
(402, 16, '2026-05-12 09:34:34', '2026-05-12 09:35:07'),
(403, 18, '2026-05-12 09:35:21', '2026-05-12 11:32:40'),
(404, 18, '2026-05-12 20:23:42', '2026-05-12 20:38:41'),
(405, 22, '2026-05-12 20:40:22', '2026-05-12 20:40:49'),
(406, 26, '2026-05-12 20:41:06', '2026-05-12 20:46:25'),
(407, 22, '2026-05-12 20:46:51', '2026-05-12 21:03:54'),
(408, 18, '2026-05-12 21:04:05', '2026-05-22 19:22:34'),
(409, 16, '2026-05-18 21:42:56', '2026-05-22 19:53:06'),
(410, 22, '2026-05-22 19:22:46', '2026-05-22 19:23:43'),
(411, 18, '2026-05-22 19:23:58', '2026-05-22 19:39:00'),
(412, 18, '2026-05-22 19:53:18', '2026-05-22 19:59:55'),
(413, 16, '2026-05-22 20:00:05', '2026-05-22 20:50:44'),
(414, 18, '2026-05-22 20:50:59', '2026-05-22 20:52:23'),
(415, 22, '2026-05-22 20:52:33', '2026-05-22 20:52:59'),
(416, 16, '2026-05-22 20:54:31', '2026-05-23 17:20:53'),
(417, 18, '2026-05-23 17:21:03', '2026-05-24 18:00:44'),
(418, 22, '2026-05-24 18:00:59', '2026-05-24 18:08:58'),
(419, 18, '2026-05-24 18:09:10', '2026-05-24 18:15:01'),
(420, 22, '2026-05-24 18:15:15', '2026-05-24 18:29:35'),
(421, 21, '2026-05-24 18:29:51', '2026-05-24 18:30:03'),
(422, 24, '2026-05-24 18:30:25', '2026-05-24 18:31:11'),
(423, 24, '2026-05-24 18:31:23', '2026-05-24 18:31:35'),
(424, 16, '2026-05-24 18:31:45', '2026-05-25 09:17:26'),
(425, 18, '2026-05-24 23:01:18', '2026-05-25 09:17:02'),
(426, 22, '2026-05-25 09:17:41', '2026-05-25 09:17:52'),
(427, 16, '2026-05-25 09:18:04', '2026-05-25 09:19:19'),
(428, 18, '2026-05-25 09:19:33', '2026-05-25 09:22:21'),
(429, 16, '2026-05-25 09:22:35', '2026-05-25 09:22:44'),
(430, 18, '2026-05-25 09:22:56', '2026-05-25 09:25:51'),
(431, 16, '2026-05-25 09:26:06', '2026-05-25 09:26:36'),
(432, 18, '2026-05-25 09:26:58', '2026-05-25 09:30:58'),
(433, 22, '2026-05-25 09:31:18', '2026-05-25 09:39:58'),
(434, 18, '2026-05-25 09:40:09', '2026-05-25 09:40:29'),
(435, 18, '2026-05-25 09:41:05', '2026-05-25 22:42:00'),
(436, 22, '2026-05-25 22:42:13', '2026-05-25 22:54:59'),
(437, 18, '2026-05-25 22:55:09', '2026-05-25 22:55:38'),
(438, 22, '2026-05-25 22:55:50', '2026-05-25 22:56:03'),
(439, 24, '2026-05-25 22:56:16', '2026-05-25 22:56:43'),
(440, 24, '2026-05-25 22:56:54', '2026-06-01 22:42:54'),
(441, 18, '2026-05-25 23:05:52', '2026-05-25 23:06:34'),
(442, 16, '2026-05-25 23:06:44', '2026-05-25 23:06:51'),
(443, 16, '2026-05-25 23:07:04', '2026-05-25 23:07:11'),
(444, 18, '2026-05-25 23:07:22', '2026-05-25 23:07:52'),
(445, 16, '2026-05-25 23:08:01', '2026-05-25 23:08:19'),
(446, 18, '2026-05-25 23:09:15', '2026-05-25 23:09:34'),
(447, 22, '2026-05-25 23:09:49', '2026-05-25 23:29:06'),
(448, 18, '2026-05-25 23:29:17', '2026-05-25 23:29:30'),
(449, 22, '2026-05-25 23:29:41', '2026-05-25 23:29:58'),
(450, 18, '2026-05-25 23:34:07', '2026-05-25 23:35:12'),
(451, 22, '2026-05-25 23:35:27', '2026-05-25 23:35:39'),
(452, 18, '2026-05-25 23:35:55', '2026-05-25 23:36:30'),
(453, 16, '2026-05-25 23:36:40', '2026-05-25 23:36:47'),
(454, 18, '2026-05-25 23:37:00', '2026-05-25 23:37:35'),
(455, 16, '2026-05-25 23:37:51', '2026-05-25 23:38:07'),
(456, 18, '2026-05-25 23:38:20', '2026-05-25 23:39:09'),
(457, 22, '2026-05-25 23:39:28', '2026-05-26 09:56:55'),
(458, 18, '2026-05-26 09:42:53', '2026-05-26 09:47:07'),
(459, 18, '2026-05-26 20:24:01', '2026-05-26 20:25:12'),
(460, 22, '2026-05-26 20:25:24', '2026-05-28 10:02:39'),
(461, 18, '2026-05-28 09:59:36', '2026-05-28 10:00:16'),
(462, 16, '2026-05-28 10:00:28', '2026-05-28 10:00:38'),
(463, 18, '2026-05-28 10:00:49', '2026-05-28 10:01:18'),
(464, 16, '2026-05-28 10:01:29', '2026-05-28 10:01:55'),
(465, 18, '2026-05-28 10:02:50', '2026-05-28 10:06:02'),
(466, 22, '2026-05-28 10:06:20', '2026-05-28 10:33:01'),
(467, 16, '2026-05-31 15:21:06', '2026-05-31 15:21:15'),
(468, 21, '2026-05-31 15:21:30', '2026-05-31 15:22:28'),
(469, 18, '2026-05-31 15:22:47', '2026-06-02 20:53:01'),
(470, 16, '2026-06-01 22:43:03', '2026-06-02 20:53:25'),
(471, 18, '2026-06-02 20:53:36', '2026-06-02 20:53:56'),
(472, 16, '2026-06-02 20:54:05', '2026-06-02 20:54:23'),
(473, 18, '2026-06-02 20:54:51', '2026-06-02 20:55:10'),
(474, 16, '2026-06-02 20:55:20', '2026-06-02 21:12:06'),
(475, 18, '2026-06-02 21:12:19', '2026-06-02 21:20:18'),
(476, 16, '2026-06-02 21:20:27', '2026-06-02 21:34:28'),
(477, 22, '2026-06-02 21:34:54', '2026-06-02 21:35:05'),
(478, 18, '2026-06-02 21:35:35', '2026-06-02 21:36:45'),
(479, 22, '2026-06-02 21:37:02', '2026-06-02 21:37:09'),
(480, 18, '2026-06-02 21:37:22', '2026-06-02 23:25:38'),
(481, 22, '2026-06-02 23:25:54', '2026-06-02 23:26:02'),
(482, 18, '2026-06-02 23:26:18', '2026-06-02 23:43:38'),
(483, 22, '2026-06-02 23:43:53', '2026-06-02 23:43:59'),
(484, 24, '2026-06-02 23:44:10', '2026-06-02 23:44:16'),
(485, 21, '2026-06-02 23:44:27', '2026-06-02 23:44:34'),
(486, 18, '2026-06-02 23:45:05', '2026-06-02 23:45:26'),
(487, 22, '2026-06-02 23:45:37', '2026-06-02 23:54:44'),
(488, 18, '2026-06-02 23:55:01', '2026-06-02 23:55:36'),
(489, 22, '2026-06-02 23:55:54', '2026-06-03 00:30:48'),
(490, 18, '2026-06-03 00:30:58', '2026-06-03 00:33:00'),
(491, 22, '2026-06-03 00:33:09', '2026-06-03 00:43:25'),
(492, 18, '2026-06-03 00:43:33', '2026-06-03 00:44:08'),
(493, 22, '2026-06-03 00:44:22', '2026-06-03 00:45:00'),
(494, 24, '2026-06-03 00:45:16', '2026-06-03 00:45:44'),
(495, 21, '2026-06-03 00:46:05', '2026-06-03 00:46:44'),
(496, 26, '2026-06-03 00:47:02', '2026-06-03 00:52:33'),
(497, 18, '2026-06-03 00:52:39', '2026-06-03 00:54:30'),
(498, 22, '2026-06-03 00:54:38', '2026-06-03 01:40:44'),
(499, 18, '2026-06-03 01:40:51', '2026-06-03 01:41:14'),
(500, 21, '2026-06-03 01:41:29', '2026-06-03 02:12:59'),
(501, 18, '2026-06-03 02:13:14', '2026-06-03 02:13:29'),
(502, 22, '2026-06-03 02:13:37', '2026-06-03 02:14:03'),
(503, 21, '2026-06-03 02:14:10', '2026-06-03 02:58:31'),
(504, 24, '2026-06-03 02:58:41', '2026-06-03 03:10:25'),
(505, 18, '2026-06-03 03:11:57', '2026-06-03 03:12:39'),
(506, 24, '2026-06-03 03:12:50', '2026-06-03 03:13:46'),
(507, 16, '2026-06-03 03:14:13', '2026-06-03 03:31:34'),
(508, 24, '2026-06-03 03:31:42', '2026-06-03 03:32:08'),
(509, 18, '2026-06-03 03:32:16', '2026-06-03 03:34:53'),
(510, 16, '2026-06-03 03:35:01', '2026-06-03 03:35:07'),
(511, 18, '2026-06-03 03:35:14', '2026-06-03 03:35:36'),
(512, 16, '2026-06-03 03:35:43', '2026-06-03 03:36:15'),
(513, 22, '2026-06-03 03:36:22', '2026-06-03 03:36:29'),
(514, 18, '2026-06-03 03:36:38', '2026-06-03 03:39:02'),
(515, 22, '2026-06-03 03:39:09', '2026-06-03 03:39:15'),
(516, 18, '2026-06-03 03:39:23', '2026-06-03 03:41:09'),
(517, 22, '2026-06-03 03:41:17', '2026-06-03 03:48:50'),
(518, 22, '2026-06-03 03:49:29', '2026-06-03 04:01:42'),
(519, 26, '2026-06-03 04:01:55', '2026-06-03 04:04:53'),
(520, 22, '2026-06-03 04:05:01', '2026-06-03 04:07:17'),
(521, 21, '2026-06-03 04:07:28', '2026-06-03 04:12:36'),
(522, 18, '2026-06-03 04:12:43', '2026-06-03 04:13:18'),
(523, 22, '2026-06-03 04:13:26', '2026-06-03 04:14:28'),
(524, 24, '2026-06-03 04:14:35', '2026-06-03 04:19:23'),
(525, 18, '2026-06-03 04:19:31', '2026-06-03 04:23:31'),
(526, 16, '2026-06-03 04:24:00', '2026-06-03 04:24:26'),
(527, 24, '2026-06-03 04:24:40', '2026-06-03 04:25:21'),
(528, 18, '2026-06-03 04:25:28', '2026-06-03 08:20:20'),
(529, 16, '2026-06-03 08:20:28', '2026-06-03 08:21:44'),
(530, 18, '2026-06-03 08:21:53', '2026-06-03 08:22:44'),
(531, 16, '2026-06-03 08:22:52', '2026-06-03 08:23:14'),
(532, 18, '2026-06-03 08:23:22', '2026-06-03 08:30:26'),
(533, 22, '2026-06-03 08:30:36', '2026-06-03 08:32:30'),
(534, 26, '2026-06-03 08:32:39', '2026-06-03 08:34:35'),
(535, 22, '2026-06-03 08:34:46', '2026-06-03 08:36:25'),
(536, 21, '2026-06-03 08:36:32', '2026-06-03 08:38:49'),
(537, 18, '2026-06-03 08:38:56', '2026-06-03 08:39:18'),
(538, 24, '2026-06-03 08:39:29', '2026-06-03 08:40:38'),
(539, 18, '2026-06-03 08:40:46', '2026-06-03 08:41:08'),
(540, 16, '2026-06-03 08:41:19', '2026-06-03 08:41:36'),
(541, 24, '2026-06-03 08:41:52', '2026-06-03 08:42:36'),
(542, 18, '2026-06-06 18:45:39', '2026-06-06 18:50:20'),
(543, 16, '2026-06-06 18:50:29', '2026-06-06 18:53:10'),
(544, 18, '2026-06-06 18:53:18', '2026-06-06 19:00:25'),
(545, 22, '2026-06-06 19:00:37', '2026-06-06 19:36:09'),
(546, 26, '2026-06-06 19:36:41', '2026-06-06 20:34:01'),
(547, 22, '2026-06-06 20:34:10', '2026-06-06 21:41:52'),
(548, 18, '2026-06-06 21:42:00', '2026-06-06 21:42:06'),
(549, 18, '2026-06-06 21:42:14', '2026-06-06 21:42:44'),
(550, 16, '2026-06-06 21:42:54', '2026-06-06 21:43:15'),
(551, 18, '2026-06-06 21:43:24', '2026-06-06 21:45:53'),
(552, 22, '2026-06-06 21:46:16', '2026-06-06 21:55:24'),
(553, 26, '2026-06-06 21:55:33', '2026-06-06 21:58:39'),
(554, 22, '2026-06-06 21:58:48', '2026-06-06 22:00:16'),
(555, 21, '2026-06-06 22:00:25', '2026-06-06 22:08:03'),
(556, 22, '2026-06-06 22:08:12', '2026-06-06 22:08:32'),
(557, 21, '2026-06-06 22:08:42', '2026-06-06 22:18:25'),
(558, 18, '2026-06-06 22:18:36', '2026-06-06 22:19:25'),
(559, 24, '2026-06-06 22:19:35', '2026-06-06 22:20:24'),
(560, 18, '2026-06-06 22:20:36', '2026-06-06 22:20:49'),
(561, 18, '2026-06-06 22:21:01', '2026-06-06 22:21:12'),
(562, 21, '2026-06-06 22:23:20', '2026-06-06 22:23:35'),
(563, 16, '2026-06-06 22:23:42', '2026-06-06 22:25:16'),
(564, 22, '2026-06-06 22:29:19', '2026-06-06 22:35:54'),
(565, 16, '2026-06-06 22:36:02', '2026-06-06 22:36:19'),
(566, 16, '2026-06-07 19:56:51', '2026-06-07 20:03:23'),
(567, 24, '2026-06-07 20:03:32', '2026-06-07 20:20:11'),
(568, 16, '2026-06-07 20:20:19', '2026-06-07 20:38:11'),
(569, 18, '2026-06-07 20:38:21', '2026-06-07 20:42:36'),
(570, 24, '2026-06-07 20:42:44', '2026-06-07 20:57:17'),
(571, 21, '2026-06-07 20:57:26', '2026-06-07 21:20:28'),
(572, 24, '2026-06-07 21:20:37', '2026-06-07 21:20:49'),
(573, 21, '2026-06-07 21:20:59', '2026-06-07 21:47:01'),
(574, 24, '2026-06-07 21:47:11', '2026-06-07 22:00:26'),
(575, 18, '2026-06-07 22:00:34', '2026-06-07 22:04:46'),
(576, 16, '2026-06-07 22:04:54', '2026-06-07 22:05:18'),
(577, 18, '2026-06-07 22:05:27', '2026-06-07 22:12:24'),
(578, 16, '2026-06-07 22:12:32', '2026-06-07 22:13:28'),
(579, 26, '2026-06-07 22:13:36', '2026-06-07 22:13:42'),
(580, 18, '2026-06-07 22:13:50', '2026-06-07 22:22:04'),
(581, 22, '2026-06-07 22:22:12', '2026-06-07 22:23:54'),
(582, 26, '2026-06-07 22:24:12', '2026-06-07 22:27:02'),
(583, 22, '2026-06-07 22:27:14', '2026-06-07 22:32:49'),
(584, 21, '2026-06-07 22:32:57', '2026-06-07 22:35:15'),
(585, 24, '2026-06-07 22:35:22', '2026-06-07 22:39:34'),
(586, 16, '2026-06-07 22:39:46', '2026-06-07 22:40:25'),
(587, 24, '2026-06-07 22:40:33', '2026-06-07 22:46:58'),
(588, 16, '2026-06-07 22:47:05', '2026-06-07 22:47:18'),
(589, 18, '2026-06-07 22:47:27', '2026-06-07 22:47:37'),
(590, 21, '2026-06-07 22:47:46', '2026-06-07 22:51:57'),
(591, 18, '2026-06-07 22:52:05', '2026-06-07 22:52:36'),
(592, 21, '2026-06-07 22:52:43', '2026-06-07 22:56:07'),
(593, 16, '2026-06-07 22:57:39', '2026-06-08 17:50:05'),
(594, 16, '2026-06-08 18:01:33', '2026-06-08 18:05:52'),
(595, 16, '2026-06-08 18:06:07', '2026-06-09 12:49:19'),
(596, 18, '2026-06-09 12:49:38', '2026-06-09 12:50:36'),
(597, 16, '2026-06-09 12:50:48', '2026-06-09 13:05:26'),
(598, 16, '2026-06-09 13:05:37', '2026-06-10 13:56:48'),
(599, 18, '2026-06-10 13:57:09', '2026-06-10 14:24:16'),
(600, 16, '2026-06-10 14:24:25', '2026-06-10 14:35:11'),
(601, 21, '2026-06-10 14:35:22', '2026-06-10 14:35:40'),
(602, 18, '2026-06-10 15:49:59', '2026-06-10 16:01:51'),
(603, 16, '2026-06-10 16:02:01', '2026-06-10 16:02:26'),
(604, 16, '2026-06-10 16:02:33', '2026-06-10 16:03:41'),
(605, 18, '2026-06-10 16:03:50', '2026-06-10 19:56:48'),
(606, 18, '2026-06-10 19:56:55', '2026-06-10 20:03:47'),
(607, 16, '2026-06-10 20:03:55', '2026-06-10 20:04:03'),
(608, 18, '2026-06-10 20:15:27', '2026-06-10 20:48:36'),
(609, 16, '2026-06-10 20:48:45', '2026-06-10 20:48:57'),
(610, 18, '2026-06-10 20:49:05', '2026-06-10 20:52:10'),
(611, 16, '2026-06-10 20:52:18', '2026-06-10 20:52:48'),
(612, 18, '2026-06-10 20:52:57', '2026-06-10 21:01:24'),
(613, 16, '2026-06-10 21:01:35', '2026-06-10 21:02:06'),
(614, 18, '2026-06-10 21:02:13', '2026-06-10 21:08:19'),
(615, 16, '2026-06-10 21:08:28', '2026-06-10 21:10:44'),
(616, 18, '2026-06-10 21:10:55', '2026-06-10 21:28:51'),
(617, 16, '2026-06-10 21:29:00', '2026-06-10 21:29:58'),
(618, 18, '2026-06-10 21:30:14', '2026-06-10 21:42:53'),
(619, 18, '2026-06-10 21:43:07', '2026-06-11 01:01:50'),
(620, 18, '2026-06-11 01:01:57', '2026-06-11 01:04:19'),
(621, 18, '2026-06-11 01:10:16', '2026-06-11 01:10:38'),
(622, 18, '2026-06-11 18:20:59', '2026-06-11 20:53:39'),
(623, 16, '2026-06-11 20:53:49', '2026-06-11 21:02:21'),
(624, 18, '2026-06-11 21:02:30', '2026-06-11 21:02:42'),
(625, 16, '2026-06-11 21:02:50', '2026-06-11 23:28:04'),
(626, 16, '2026-06-11 23:30:33', '2026-06-12 02:21:08'),
(627, 16, '2026-06-12 02:25:52', '2026-06-12 02:28:11'),
(628, 16, '2026-06-12 13:07:35', '2026-06-12 13:11:03'),
(629, 18, '2026-06-12 13:11:12', '2026-06-12 13:12:11'),
(630, 16, '2026-06-12 13:12:22', '2026-06-12 21:04:40'),
(631, 18, '2026-06-12 21:04:49', '2026-06-12 21:05:57'),
(632, 16, '2026-06-12 21:06:07', '2026-06-12 23:04:24'),
(633, 16, '2026-06-12 23:09:29', '2026-06-12 23:10:15'),
(634, 16, '2026-06-13 08:58:30', '2026-06-13 09:36:39'),
(635, 16, '2026-06-13 09:36:47', '2026-06-13 09:59:24'),
(636, 18, '2026-06-13 10:25:32', '2026-06-13 10:26:08'),
(637, 16, '2026-06-13 10:26:17', '2026-06-13 10:27:05'),
(638, 16, '2026-06-13 11:11:27', '2026-06-13 11:12:38'),
(639, 18, '2026-06-13 11:13:24', '2026-06-13 11:18:49'),
(640, 16, '2026-06-13 11:19:45', '2026-06-13 11:40:24'),
(641, 18, '2026-06-13 11:42:01', '2026-06-13 11:42:26'),
(642, 16, '2026-06-13 11:57:05', '2026-06-13 12:02:50'),
(643, 16, '2026-06-13 12:14:43', '2026-06-13 12:21:39'),
(644, 22, '2026-06-13 12:29:36', '2026-06-13 12:30:15'),
(645, 16, '2026-06-13 19:11:57', '2026-06-13 19:12:40'),
(646, 18, '2026-06-13 19:12:59', '2026-06-13 19:18:00'),
(647, 24, '2026-06-13 19:18:09', '2026-06-13 19:19:01'),
(648, 21, '2026-06-13 19:19:11', '2026-06-13 19:30:33'),
(649, 24, '2026-06-13 19:45:34', '2026-06-13 19:45:47'),
(650, 18, '2026-06-13 19:45:59', '2026-06-13 19:51:18'),
(651, 18, '2026-06-13 20:28:41', '2026-06-13 20:29:16'),
(652, 21, '2026-06-13 20:29:25', '2026-06-13 20:31:00'),
(653, 16, '2026-06-13 20:31:11', '2026-06-13 20:41:14'),
(654, 16, '2026-06-13 20:42:49', '2026-06-13 20:46:27'),
(655, 22, '2026-06-13 20:49:21', '2026-06-13 20:49:38'),
(656, 26, '2026-06-13 20:49:47', '2026-06-13 20:53:28'),
(657, 22, '2026-06-13 20:53:37', '2026-06-13 20:56:07'),
(658, 21, '2026-06-13 20:56:39', '2026-06-13 21:02:10'),
(659, 24, '2026-06-13 21:02:18', '2026-06-13 21:02:46'),
(660, 16, '2026-06-13 21:02:55', '2026-06-13 21:03:10'),
(661, 16, '2026-06-13 21:03:44', '2026-06-13 21:04:11'),
(662, 24, '2026-06-13 21:04:19', '2026-06-13 21:05:48'),
(663, 21, '2026-06-13 21:05:56', '2026-06-13 21:32:41'),
(664, 21, '2026-06-13 21:53:15', '2026-06-13 21:56:22'),
(665, 26, '2026-06-13 21:58:31', '2026-06-13 21:58:45'),
(666, 16, '2026-06-13 22:10:30', '2026-06-13 22:30:48'),
(667, 21, '2026-06-13 22:32:13', '2026-06-13 22:41:51'),
(668, 16, '2026-06-13 22:42:00', '2026-06-13 22:43:15'),
(669, 16, '2026-06-13 22:51:14', '2026-06-13 22:59:55'),
(671, 16, '2026-06-13 23:04:40', '2026-06-13 23:06:45'),
(672, 16, '2026-06-13 23:12:36', '2026-06-13 23:19:06'),
(673, 18, '2026-06-13 23:19:14', '2026-06-13 23:19:50'),
(674, 16, '2026-06-13 23:20:46', '2026-06-13 23:20:59'),
(675, 22, '2026-06-13 23:22:19', '2026-06-13 23:22:38'),
(676, 26, '2026-06-13 23:22:49', '2026-06-13 23:23:36'),
(677, 22, '2026-06-13 23:23:44', '2026-06-13 23:24:18'),
(678, 21, '2026-06-13 23:24:29', '2026-06-13 23:25:02'),
(679, 24, '2026-06-13 23:25:08', '2026-06-13 23:25:29'),
(680, 16, '2026-06-13 23:25:35', '2026-06-13 23:25:56'),
(681, 24, '2026-06-13 23:26:04', '2026-06-13 23:26:21'),
(682, 24, '2026-06-13 23:26:32', '2026-06-13 23:26:36'),
(683, 21, '2026-06-13 23:26:51', '2026-06-13 23:28:23'),
(684, 16, '2026-06-13 23:29:09', '2026-06-15 13:51:48'),
(685, 18, '2026-06-15 12:46:21', '2026-06-15 12:47:05'),
(686, 16, '2026-06-15 13:56:53', '2026-06-15 13:57:37'),
(687, 22, '2026-06-15 14:02:12', '2026-06-15 14:08:35'),
(688, 26, '2026-06-15 14:08:47', '2026-06-15 14:09:46'),
(689, 22, '2026-06-15 14:09:54', '2026-06-15 14:12:24'),
(690, 21, '2026-06-15 14:12:53', '2026-06-15 14:13:26'),
(691, 24, '2026-06-15 14:13:35', '2026-06-15 14:13:54'),
(692, 16, '2026-06-15 14:14:03', '2026-06-15 14:14:19'),
(693, 24, '2026-06-15 14:14:27', '2026-06-15 14:14:46'),
(694, 21, '2026-06-15 14:14:54', '2026-06-15 14:16:26'),
(695, 21, '2026-06-15 14:16:47', '2026-06-15 14:19:45'),
(696, 16, '2026-06-15 14:26:36', '2026-06-15 15:26:30'),
(697, 16, '2026-06-15 15:27:26', '2026-06-15 15:27:47'),
(698, 22, '2026-06-15 15:32:46', '2026-06-15 15:33:05'),
(699, 26, '2026-06-15 15:33:15', '2026-06-15 15:34:03'),
(700, 22, '2026-06-15 15:34:34', '2026-06-15 15:34:59'),
(701, 21, '2026-06-15 15:35:12', '2026-06-15 15:35:34'),
(702, 24, '2026-06-15 15:35:42', '2026-06-15 15:36:02'),
(703, 16, '2026-06-15 15:36:12', '2026-06-15 15:36:34'),
(704, 24, '2026-06-15 15:36:45', '2026-06-15 15:37:08'),
(705, 21, '2026-06-15 15:37:19', '2026-06-15 15:41:13'),
(706, 16, '2026-06-15 15:42:46', '2026-06-15 15:45:59'),
(707, 16, '2026-06-15 15:49:09', '2026-06-15 15:49:30'),
(708, 18, '2026-06-15 22:28:15', '2026-06-15 22:28:23'),
(709, 18, '2026-06-15 22:28:41', '2026-06-15 22:34:20'),
(710, 24, '2026-06-15 22:35:13', '2026-06-15 22:35:19'),
(711, 24, '2026-06-15 22:35:37', '2026-06-15 22:35:45'),
(712, 24, '2026-06-15 22:35:53', '2026-06-15 22:53:48'),
(713, 16, '2026-06-15 22:54:02', '2026-06-15 22:54:13'),
(714, 24, '2026-06-15 22:54:21', '2026-06-15 22:57:59'),
(715, 24, '2026-06-15 22:58:08', '2026-06-15 22:58:13'),
(716, 24, '2026-06-15 22:58:34', '2026-06-15 22:58:39'),
(717, 24, '2026-06-15 22:59:46', '2026-06-15 22:59:52'),
(718, 24, '2026-06-15 23:00:01', '2026-06-15 23:00:10'),
(719, 24, '2026-06-15 23:00:40', '2026-06-15 23:00:59'),
(720, 24, '2026-06-15 23:01:44', '2026-06-15 23:01:50'),
(721, 24, '2026-06-15 23:02:08', '2026-06-15 23:06:50'),
(722, 24, '2026-06-15 23:06:57', '2026-06-15 23:07:50'),
(723, 24, '2026-06-15 23:08:12', '2026-06-15 23:09:01'),
(724, 24, '2026-06-15 23:09:09', '2026-06-15 23:09:43'),
(725, 24, '2026-06-15 23:09:54', '2026-06-15 23:11:31'),
(726, 24, '2026-06-15 23:11:39', '2026-06-15 23:11:57'),
(727, 24, '2026-06-15 23:12:10', '2026-06-15 23:12:26'),
(728, 24, '2026-06-15 23:12:35', '2026-06-15 23:13:57'),
(729, 24, '2026-06-15 23:14:32', '2026-06-15 23:14:36'),
(730, 24, '2026-06-15 23:14:50', '2026-06-15 23:15:30'),
(731, 24, '2026-06-15 23:15:44', '2026-06-15 23:15:49'),
(732, 24, '2026-06-15 23:16:31', '2026-06-15 23:16:36'),
(733, 16, '2026-06-15 23:16:56', '2026-06-15 23:17:00'),
(734, 24, '2026-06-15 23:17:13', '2026-06-15 23:17:16'),
(735, 16, '2026-06-15 23:18:22', '2026-06-15 23:18:26'),
(736, 24, '2026-06-15 23:18:48', '2026-06-15 23:18:52'),
(737, 22, '2026-06-15 23:25:29', '2026-06-15 23:25:33'),
(738, 16, '2026-06-15 23:27:15', '2026-06-15 23:27:19'),
(739, 16, '2026-06-15 23:27:27', '2026-06-15 23:28:58'),
(740, 21, '2026-06-15 23:29:06', '2026-06-15 23:29:19'),
(741, 16, '2026-06-16 16:50:04', '2026-06-16 16:50:10'),
(742, 24, '2026-06-16 16:50:40', '2026-06-16 16:50:45'),
(743, 16, '2026-06-16 16:51:00', '2026-06-16 16:51:07'),
(744, 24, '2026-06-16 16:51:13', '2026-06-16 16:51:18'),
(745, 16, '2026-06-16 17:10:59', '2026-06-16 17:11:17'),
(746, 18, '2026-06-16 17:11:22', '2026-06-16 17:11:27'),
(747, 32, '2026-06-16 17:12:06', '2026-06-16 17:20:57'),
(748, 16, '2026-06-16 17:21:03', '2026-06-16 17:35:57'),
(749, 22, '2026-06-16 17:37:29', '2026-06-16 17:37:45'),
(750, 16, '2026-06-16 17:38:38', '2026-06-16 17:40:21'),
(751, 16, '2026-06-16 17:43:53', '2026-06-16 17:43:59'),
(752, 24, '2026-06-16 17:44:07', '2026-06-16 17:44:16'),
(753, 16, '2026-06-16 17:47:57', '2026-06-16 17:48:04'),
(754, 16, '2026-06-16 17:54:05', '2026-06-16 17:54:11'),
(755, 18, '2026-06-16 17:56:10', '2026-06-16 17:56:25'),
(756, 16, '2026-06-16 17:56:45', '2026-06-16 17:57:39'),
(757, 32, '2026-06-16 20:24:19', '2026-06-16 20:24:27'),
(758, 32, '2026-06-16 20:24:38', '2026-06-16 20:25:42'),
(759, 32, '2026-06-16 20:25:51', '2026-06-16 20:27:40'),
(760, 16, '2026-06-16 20:27:45', '2026-06-16 20:29:59'),
(761, 32, '2026-06-16 20:30:05', '2026-06-16 20:30:09'),
(762, 33, '2026-06-16 20:30:17', '2026-06-16 20:30:30'),
(763, 32, '2026-06-16 20:30:38', '2026-06-16 20:30:52'),
(764, 16, '2026-06-16 20:31:02', '2026-06-16 20:31:07'),
(765, 18, '2026-06-16 20:31:15', '2026-06-16 20:31:18'),
(766, 16, '2026-06-16 20:31:38', '2026-06-16 20:45:38'),
(767, 18, '2026-06-16 20:45:45', '2026-06-16 20:59:57'),
(768, 32, '2026-06-16 21:00:04', '2026-06-16 21:28:31'),
(769, 16, '2026-06-16 21:28:38', '2026-06-16 21:29:12'),
(770, 32, '2026-06-16 21:29:19', '2026-06-16 23:45:33'),
(771, 22, '2026-06-16 23:45:42', '2026-06-16 23:46:21'),
(772, 26, '2026-06-16 23:46:32', '2026-06-17 14:56:37'),
(773, 32, '2026-06-17 14:56:44', '2026-06-17 15:04:12'),
(774, 26, '2026-06-17 15:04:18', '2026-06-17 15:04:29'),
(775, 22, '2026-06-17 15:04:39', '2026-06-17 15:05:21'),
(776, 32, '2026-06-17 15:05:53', '2026-06-17 15:16:27'),
(777, 26, '2026-06-17 15:16:33', '2026-06-17 15:17:10'),
(778, 22, '2026-06-17 15:17:16', '2026-06-17 15:17:26'),
(779, 32, '2026-06-17 15:17:33', '2026-06-17 15:18:23'),
(780, 22, '2026-06-17 15:18:31', '2026-06-17 15:19:01'),
(781, 26, '2026-06-17 15:19:39', '2026-06-17 15:23:11'),
(782, 32, '2026-06-17 15:23:18', '2026-06-17 15:24:23'),
(783, 16, '2026-06-17 15:24:29', '2026-06-17 15:24:46'),
(784, 22, '2026-06-17 15:25:09', '2026-06-17 15:32:13'),
(785, 16, '2026-06-17 15:32:23', '2026-06-17 15:33:00'),
(786, 32, '2026-06-17 15:33:12', '2026-06-17 15:34:02'),
(787, 32, '2026-06-17 19:48:40', '2026-06-17 19:50:16'),
(788, 22, '2026-06-17 19:50:22', '2026-06-17 19:50:43'),
(789, 16, '2026-06-17 19:50:50', '2026-06-17 19:51:10'),
(790, 21, '2026-06-17 19:55:39', '2026-06-17 19:56:58'),
(791, 24, '2026-06-17 19:57:09', '2026-06-17 19:59:19'),
(792, 32, '2026-06-17 20:03:36', '2026-06-17 20:07:59'),
(793, 22, '2026-06-17 20:08:04', '2026-06-17 20:08:31'),
(794, 21, '2026-06-17 20:08:37', '2026-06-17 20:09:06'),
(795, 24, '2026-06-17 20:09:12', '2026-06-17 20:09:30'),
(796, 16, '2026-06-17 20:09:38', '2026-06-17 20:09:57'),
(797, 24, '2026-06-17 20:10:07', '2026-06-17 20:10:27'),
(798, 21, '2026-06-17 20:10:39', '2026-06-17 20:11:29'),
(799, 32, '2026-06-17 20:11:35', '2026-06-17 20:13:31'),
(800, 16, '2026-06-17 20:13:37', '2026-06-17 20:19:45'),
(801, 33, '2026-06-17 20:20:01', '2026-06-17 20:42:31'),
(802, 32, '2026-06-17 20:42:39', '2026-06-17 23:58:20'),
(803, 16, '2026-06-17 23:58:33', '2026-06-17 23:59:02'),
(804, 32, '2026-06-17 23:59:12', '2026-06-18 00:03:24'),
(805, 22, '2026-06-18 00:03:32', '2026-06-18 00:03:57'),
(806, 26, '2026-06-18 00:04:13', '2026-06-18 14:20:30'),
(807, 16, '2026-06-18 10:13:45', '2026-06-18 10:14:07'),
(808, 32, '2026-06-18 10:14:16', '2026-06-18 10:14:29'),
(809, 16, '2026-06-18 10:14:35', '2026-06-18 11:28:25'),
(810, 16, '2026-06-18 11:28:34', '2026-06-18 11:32:14'),
(811, 38, '2026-06-18 11:32:34', '2026-06-18 11:32:47'),
(812, 16, '2026-06-18 11:32:54', '2026-06-18 11:34:10'),
(813, 38, '2026-06-18 11:34:19', '2026-06-18 11:34:27'),
(814, 16, '2026-06-18 11:34:35', '2026-06-18 11:57:38'),
(815, 37, '2026-06-18 11:57:58', '2026-06-18 11:59:09'),
(816, 32, '2026-06-18 11:59:19', '2026-06-18 14:01:08'),
(817, 22, '2026-06-18 14:01:16', '2026-06-18 14:05:08'),
(818, 32, '2026-06-18 14:05:14', '2026-06-18 14:05:31'),
(819, 22, '2026-06-18 14:05:38', '2026-06-18 14:18:04'),
(820, 22, '2026-06-18 14:20:37', '2026-06-18 14:21:02'),
(821, 32, '2026-06-18 14:21:13', '2026-06-18 14:21:34'),
(822, 22, '2026-06-18 14:21:41', '2026-06-18 14:48:51'),
(823, 32, '2026-06-18 14:48:31', '2026-06-18 14:52:50'),
(824, 22, '2026-06-18 14:52:58', '2026-06-18 14:57:43'),
(825, 21, '2026-06-18 14:57:47', '2026-06-18 14:58:19'),
(826, 24, '2026-06-18 14:58:26', '2026-06-18 14:58:49'),
(827, 32, '2026-06-18 14:58:54', '2026-06-18 15:01:04'),
(828, 22, '2026-06-18 15:01:14', '2026-06-18 15:03:00'),
(829, 16, '2026-06-18 15:03:05', '2026-06-18 15:03:48'),
(830, 24, '2026-06-18 15:03:55', '2026-06-18 15:04:36'),
(831, 21, '2026-06-18 15:04:42', '2026-06-18 15:11:07'),
(832, 32, '2026-06-18 15:11:12', '2026-06-18 15:18:11'),
(833, 21, '2026-06-18 15:18:21', '2026-06-18 15:26:25'),
(834, 32, '2026-06-18 15:26:33', '2026-06-18 15:27:18'),
(835, 16, '2026-06-18 15:27:25', '2026-06-18 17:19:59'),
(836, 32, '2026-06-18 17:48:12', '2026-06-18 17:48:30'),
(837, 16, '2026-06-18 17:48:36', '2026-06-18 17:49:55'),
(838, 21, '2026-06-18 17:50:02', '2026-06-18 17:50:27'),
(839, 32, '2026-06-18 17:50:37', '2026-06-18 17:51:44'),
(840, 32, '2026-06-18 17:51:52', '2026-06-18 17:57:31'),
(841, 32, '2026-06-18 17:57:39', '2026-06-18 17:58:04'),
(842, 16, '2026-06-18 17:58:13', '2026-06-18 17:58:39'),
(843, 32, '2026-06-18 17:58:47', '2026-06-18 18:02:27'),
(844, 22, '2026-06-18 18:02:35', '2026-06-18 18:05:12'),
(845, 26, '2026-06-18 18:05:21', '2026-06-18 18:08:18'),
(846, 22, '2026-06-18 18:08:26', '2026-06-18 18:09:11'),
(847, 21, '2026-06-18 18:09:21', '2026-06-18 18:10:40'),
(848, 24, '2026-06-18 18:10:52', '2026-06-18 18:11:59'),
(849, 16, '2026-06-18 18:12:17', '2026-06-18 18:13:21'),
(850, 24, '2026-06-18 18:13:32', '2026-06-18 18:15:02'),
(851, 21, '2026-06-18 18:15:08', '2026-06-18 18:19:29'),
(852, 32, '2026-06-18 18:19:35', '2026-06-18 18:20:36'),
(853, 16, '2026-06-18 18:21:03', '2026-06-21 17:41:26'),
(854, 32, '2026-06-21 17:43:06', '2026-06-21 17:43:30'),
(855, 16, '2026-06-22 09:46:09', '2026-06-22 09:49:07'),
(856, 39, '2026-06-22 09:49:20', '2026-06-22 09:50:31'),
(857, 32, '2026-06-22 09:50:39', '2026-06-22 09:50:53'),
(858, 16, '2026-06-22 09:51:00', '2026-06-22 09:51:27'),
(859, 32, '2026-06-22 21:11:17', '2026-06-22 21:31:56'),
(860, 16, '2026-06-22 21:32:02', '2026-06-22 21:32:02');

-- --------------------------------------------------------

--
-- Table structure for table `notification_views`
--

CREATE TABLE `notification_views` (
  `notification_view_id` int(11) NOT NULL,
  `user_id` int(11) NOT NULL,
  `request_id` int(11) NOT NULL,
  `notification_key` varchar(64) NOT NULL,
  `viewed_at` datetime NOT NULL
) ENGINE=InnoDB DEFAULT CHARSET=utf8mb4 COLLATE=utf8mb4_unicode_ci;

-- --------------------------------------------------------

--
-- Table structure for table `offices`
--

CREATE TABLE `offices` (
  `office_id` int(11) NOT NULL,
  `office_name` varchar(100) NOT NULL,
  `type` enum('Academics','Administrative','Executive') NOT NULL,
  `photo_url` varchar(255) DEFAULT NULL,
  `default_lab_manager_user_id` int(11) DEFAULT NULL
) ENGINE=InnoDB DEFAULT CHARSET=utf8mb4 COLLATE=utf8mb4_general_ci;

--
-- Dumping data for table `offices`
--

INSERT INTO `offices` (`office_id`, `office_name`, `type`, `photo_url`, `default_lab_manager_user_id`) VALUES
(1, 'CICTE', 'Academics', 'app/api/public/uploads/departments/dept_20260422_182022_05cf33b4.png', NULL),
(2, 'CONAHS', 'Academics', 'app/api/public/uploads/departments/dept_20260422_182135_6d8aa301.jpg', NULL),
(3, 'Inventory Office', 'Administrative', 'app/api/public/uploads/departments/dept_20260422_183121_4484b964.png', NULL),
(5, 'COAB', 'Academics', 'app/api/public/uploads/departments/dept_20260422_182343_e69195d1.jpg', NULL),
(6, 'GSD OFFICE', 'Administrative', 'app/api/public/uploads/departments/dept_20260422_183150_2d36d99b.png', NULL),
(7, 'COED', 'Academics', 'app/api/public/uploads/departments/dept_20260422_182354_2aa9d9cd.png', NULL),
(8, 'STAHM', 'Academics', 'app/api/public/uploads/departments/dept_20260422_182801_d0349d46.png', NULL),
(9, 'POLSCIE', 'Academics', 'app/api/public/uploads/departments/dept_20260422_182820_b9fc155a.jpg', NULL),
(20, 'President Office', 'Executive', 'app/api/public/uploads/offices/dept_20260611_173116_c8aa2760.png', NULL),
(29, 'Sample', 'Academics', NULL, NULL);

-- --------------------------------------------------------

--
-- Table structure for table `president_action_history`
--

CREATE TABLE `president_action_history` (
  `id` int(11) NOT NULL,
  `request_id` int(11) NOT NULL,
  `user_id` int(11) NOT NULL,
  `action` enum('accept','reject','pending') NOT NULL,
  `acted_at` datetime NOT NULL DEFAULT current_timestamp()
) ENGINE=InnoDB DEFAULT CHARSET=utf8mb4 COLLATE=utf8mb4_general_ci;

--
-- Dumping data for table `president_action_history`
--

INSERT INTO `president_action_history` (`id`, `request_id`, `user_id`, `action`, `acted_at`) VALUES
(1, 4, 24, 'accept', '2026-04-12 20:22:08'),
(2, 1, 24, 'accept', '2026-04-13 20:24:44'),
(3, 7, 24, 'accept', '2026-04-20 20:36:19'),
(4, 7, 24, 'pending', '2026-04-20 20:36:20'),
(5, 12, 24, 'accept', '2026-04-27 01:39:20'),
(6, 13, 24, 'accept', '2026-04-27 23:29:40'),
(7, 13, 24, 'pending', '2026-04-27 23:29:42'),
(8, 13, 24, 'accept', '2026-04-27 23:29:44'),
(9, 12, 24, 'accept', '2026-04-28 00:36:19'),
(10, 14, 24, 'accept', '2026-04-28 05:35:02'),
(11, 15, 24, 'accept', '2026-04-28 11:45:44'),
(12, 16, 24, 'accept', '2026-04-28 15:47:42'),
(13, 16, 24, 'pending', '2026-04-28 15:47:56'),
(14, 16, 24, 'accept', '2026-04-28 15:48:02'),
(15, 16, 24, 'pending', '2026-04-28 15:48:04'),
(16, 16, 24, 'accept', '2026-04-28 15:48:20'),
(17, 16, 24, 'pending', '2026-04-28 15:48:26'),
(18, 16, 24, 'accept', '2026-04-28 15:48:49'),
(19, 16, 24, 'pending', '2026-04-28 15:49:17'),
(20, 16, 24, 'accept', '2026-04-28 15:50:14'),
(21, 24, 24, 'accept', '2026-06-03 03:09:50'),
(22, 25, 24, 'accept', '2026-06-03 04:14:45'),
(23, 26, 24, 'accept', '2026-06-03 08:40:03'),
(24, 28, 24, 'accept', '2026-06-06 22:19:47'),
(25, 29, 24, 'accept', '2026-06-07 22:36:37'),
(26, 31, 24, 'accept', '2026-06-13 21:02:31'),
(27, 32, 24, 'accept', '2026-06-13 23:25:20'),
(28, 33, 24, 'accept', '2026-06-15 14:13:46'),
(29, 34, 24, 'accept', '2026-06-15 15:35:57'),
(30, 35, 24, 'accept', '2026-06-17 20:09:21'),
(31, 36, 24, 'accept', '2026-06-18 14:58:45'),
(32, 37, 24, 'accept', '2026-06-18 18:11:22');

-- --------------------------------------------------------

--
-- Table structure for table `purchase_orders`
--

CREATE TABLE `purchase_orders` (
  `id` int(10) UNSIGNED NOT NULL,
  `po_number` varchar(20) NOT NULL,
  `requisition_id` int(11) DEFAULT NULL,
  `requested_by_user_id` int(11) DEFAULT NULL,
  `requested_by_name` varchar(150) DEFAULT NULL,
  `facility_id` int(11) DEFAULT NULL,
  `location_facility` varchar(255) DEFAULT NULL,
  `supplier_id` int(11) DEFAULT NULL,
  `supplier_name` varchar(100) DEFAULT NULL,
  `supplier_tin` varchar(20) DEFAULT NULL,
  `mode_of_payment` enum('cash','cheque','bank_transfer') DEFAULT NULL,
  `purpose_of_request` text DEFAULT NULL,
  `total_amount` decimal(12,2) NOT NULL DEFAULT 0.00,
  `net_payable` decimal(12,2) DEFAULT NULL,
  `tax_computed` tinyint(1) NOT NULL DEFAULT 0,
  `tax_status` enum('draft','finalized') NOT NULL DEFAULT 'draft',
  `tax_finalized_at` datetime DEFAULT NULL,
  `payment_released_at` datetime DEFAULT NULL,
  `items_received_at` datetime DEFAULT NULL,
  `status` enum('pending','approved','rejected','ready_for_release','completed') NOT NULL DEFAULT 'pending',
  `approved_by_president` tinyint(1) NOT NULL DEFAULT 0,
  `approved_at` datetime DEFAULT NULL,
  `created_by_user_id` int(11) DEFAULT NULL,
  `created_at` datetime NOT NULL DEFAULT current_timestamp(),
  `updated_at` datetime NOT NULL DEFAULT current_timestamp() ON UPDATE current_timestamp(),
  `deleted_at` datetime DEFAULT NULL
) ENGINE=InnoDB DEFAULT CHARSET=utf8mb4 COLLATE=utf8mb4_unicode_ci;

--
-- Dumping data for table `purchase_orders`
--

INSERT INTO `purchase_orders` (`id`, `po_number`, `requisition_id`, `requested_by_user_id`, `requested_by_name`, `facility_id`, `location_facility`, `supplier_id`, `supplier_name`, `supplier_tin`, `mode_of_payment`, `purpose_of_request`, `total_amount`, `net_payable`, `tax_computed`, `tax_status`, `tax_finalized_at`, `payment_released_at`, `items_received_at`, `status`, `approved_by_president`, `approved_at`, `created_by_user_id`, `created_at`, `updated_at`, `deleted_at`) VALUES
(1, 'PO-000001', 28, 18, 'Cherryle Tarre', 9, 'Lab 5 · WLC Main Buiding', 10, 'asdasd', NULL, 'cheque', 'let\'s call it a day', 55800.30, 54684.29, 1, 'draft', NULL, NULL, NULL, 'approved', 1, '2026-06-07 21:20:45', 16, '2026-06-07 20:27:01', '2026-06-07 21:32:37', NULL),
(2, 'PO-000002', 29, 18, 'Cherryle Tarre', 1, 'lab 1 · WLC Main Buiding', 4, 'RS SHOP', NULL, 'cheque', 'For Replacement', 52250.00, 51205.00, 1, 'draft', NULL, NULL, NULL, 'approved', 1, '2026-06-07 22:46:43', 24, '2026-06-07 22:42:10', '2026-06-07 22:53:31', NULL),
(3, 'PO-000003', 26, 18, 'Cherryle Tarre', 9, 'Lab 5 · WLC Main Buiding', 14, 'Shoppee OnlineShop', NULL, 'cheque', 'Sample Run through', 47000.00, NULL, 0, 'draft', NULL, NULL, NULL, 'pending', 0, NULL, 16, '2026-06-12 13:14:14', '2026-06-12 13:14:14', NULL),
(4, 'PO-000004', 25, 18, 'Cherryle Tarre', 2, 'Lab 2 · WLC Main Buiding', 1, 'KimWatches Shop', '123-123-123-123', 'cheque', 'last sample rerun', 110000.00, NULL, 0, 'draft', NULL, NULL, NULL, 'pending', 0, NULL, 16, '2026-06-12 13:14:21', '2026-06-12 13:14:21', NULL),
(5, 'PO-000005', 31, 32, 'College of Information Communications Technology and Engineering', 9, 'Lab 5 · WLC Main Buiding', 1, 'KimWatches Shop', '123-123-123-123', 'cheque', 'Sample lang', 39000.00, 38220.00, 1, 'finalized', '2026-06-13 21:56:05', '2026-06-13 22:45:23', '2026-06-13 23:38:17', 'completed', 1, '2026-06-13 21:05:45', 24, '2026-06-13 21:05:30', '2026-06-13 23:38:17', NULL),
(6, 'PO-000006', 32, 32, 'College of Information Communications Technology and Engineering', 11, 'dadsad · dasdas', 3, 'SonJingWoo Shop', NULL, 'cheque', 'Sample', 35100.00, 34749.00, 1, 'finalized', '2026-06-13 23:28:13', '2026-06-13 23:28:59', NULL, 'ready_for_release', 1, '2026-06-13 23:26:18', 24, '2026-06-13 23:26:13', '2026-06-13 23:28:59', NULL),
(7, 'PO-000007', 33, 32, 'College of Information Communications Technology and Engineering', 11, 'dadsad · dasdas', 3, 'SonJingWoo Shop', NULL, 'cash', 'Sample karung adlawa', 1300.00, 1300.00, 1, 'finalized', '2026-06-15 14:16:16', '2026-06-15 14:26:24', '2026-06-15 15:25:52', 'completed', 1, '2026-06-15 14:14:43', 24, '2026-06-15 14:14:35', '2026-06-15 15:25:52', NULL),
(8, 'PO-000008', 34, 33, 'College of Nursing and Allied Health Sciences', 3, 'lab 1 · Nursing Buiding', 13, 'Supplier', NULL, 'cheque', 'Last Sample', 22000.00, 22000.00, 1, 'finalized', '2026-06-15 15:39:23', '2026-06-15 15:43:42', '2026-06-15 15:45:56', 'completed', 1, '2026-06-15 15:37:05', 24, '2026-06-15 15:36:58', '2026-06-15 15:45:56', NULL),
(9, 'PO-000009', 35, 32, 'College of Information Communications Technology and Engineering', 11, 'dadsad · dasdas', 20, 'thea cassandra', NULL, 'cash', 'Sample rani', 1200.00, 1200.00, 1, 'finalized', '2026-06-17 20:11:17', '2026-06-17 20:13:27', '2026-06-17 20:14:33', 'completed', 1, '2026-06-17 20:10:24', 24, '2026-06-17 20:10:17', '2026-06-17 20:14:33', NULL),
(10, 'PO-000010', 36, 32, 'College of Information Communications Technology and Engineering', 11, 'dadsad · dasdas', 8, 'Shoppee', NULL, 'cheque', 'King of the pirates', 4275.00, 4275.00, 1, 'finalized', '2026-06-18 15:26:17', '2026-06-18 15:27:15', '2026-06-18 15:27:48', 'completed', 1, '2026-06-18 15:04:31', 24, '2026-06-18 15:04:22', '2026-06-18 15:27:48', NULL),
(11, 'PO-000011', 37, 32, 'College of Information Communications Technology and Engineering', 2, 'Lab 2 · WLC Main Buiding', 20, 'ABT shop', NULL, 'cheque', 'For New Laboratory', 68400.00, 68400.00, 1, 'finalized', '2026-06-18 18:19:24', '2026-06-18 18:20:24', '2026-06-18 18:21:36', 'completed', 1, '2026-06-18 18:14:56', 24, '2026-06-18 18:13:56', '2026-06-18 18:21:36', NULL);

-- --------------------------------------------------------

--
-- Table structure for table `purchase_order_lines`
--

CREATE TABLE `purchase_order_lines` (
  `id` int(10) UNSIGNED NOT NULL,
  `purchase_order_id` int(10) UNSIGNED NOT NULL,
  `description` varchar(255) NOT NULL,
  `sub_description` varchar(255) DEFAULT NULL,
  `quantity` int(10) UNSIGNED NOT NULL DEFAULT 1,
  `unit_price` decimal(10,2) NOT NULL DEFAULT 0.00,
  `amount` decimal(12,2) NOT NULL DEFAULT 0.00,
  `sort_order` int(10) UNSIGNED NOT NULL DEFAULT 0,
  `created_at` datetime NOT NULL DEFAULT current_timestamp(),
  `updated_at` datetime NOT NULL DEFAULT current_timestamp() ON UPDATE current_timestamp()
) ENGINE=InnoDB DEFAULT CHARSET=utf8mb4 COLLATE=utf8mb4_unicode_ci;

--
-- Dumping data for table `purchase_order_lines`
--

INSERT INTO `purchase_order_lines` (`id`, `purchase_order_id`, `description`, `sub_description`, `quantity`, `unit_price`, `amount`, `sort_order`, `created_at`, `updated_at`) VALUES
(1, 1, 'Motherboard', 'Lenovo · thinkpad x31', 10, 3150.00, 31500.00, 0, '2026-06-07 20:27:01', '2026-06-07 20:27:01'),
(2, 1, 'RAM', 'Atech · asas', 15, 1620.02, 24300.30, 1, '2026-06-07 20:27:01', '2026-06-07 20:27:01'),
(3, 2, 'Motherboard', 'Lenovo · thinkpad x31', 10, 1900.00, 19000.00, 0, '2026-06-07 22:42:10', '2026-06-07 22:42:10'),
(4, 2, 'RAM', 'Atech · asas', 10, 3325.00, 33250.00, 1, '2026-06-07 22:42:10', '2026-06-07 22:42:10'),
(5, 3, 'SamplItem', 'SampleBrand · SampleModel', 10, 1200.00, 12000.00, 0, '2026-06-12 13:14:14', '2026-06-12 13:14:14'),
(6, 3, 'SampleItem2', 'SamplpeBrand2 · SampleModel2', 20, 1000.00, 20000.00, 1, '2026-06-12 13:14:14', '2026-06-12 13:14:14'),
(7, 3, 'Motherboard', 'Lenovo · thinkpad x31', 10, 1500.00, 15000.00, 2, '2026-06-12 13:14:14', '2026-06-12 13:14:14'),
(8, 4, 'Motherboard', 'Lenovo · thinkpad x31', 20, 1500.00, 30000.00, 0, '2026-06-12 13:14:21', '2026-06-12 13:14:21'),
(9, 4, 'RAM', 'Atech · asas', 20, 1000.00, 20000.00, 1, '2026-06-12 13:14:21', '2026-06-12 13:14:21'),
(10, 4, 'keyboard', 'BASTA BRAND · Mechanical', 20, 2300.00, 46000.00, 2, '2026-06-12 13:14:21', '2026-06-12 13:14:21'),
(11, 4, 'Mouse', 'Basta · asdasd', 20, 700.00, 14000.00, 3, '2026-06-12 13:14:21', '2026-06-12 13:14:21'),
(12, 5, 'Motherboard', 'Lenovo · thinkpad x31', 10, 1200.00, 12000.00, 0, '2026-06-13 21:05:30', '2026-06-13 21:05:30'),
(13, 5, 'RAM', 'Atech · asas', 10, 1500.00, 15000.00, 1, '2026-06-13 21:05:30', '2026-06-13 21:05:30'),
(14, 5, 'TAble', 'a sdasd · sdasdasd', 10, 1200.00, 12000.00, 2, '2026-06-13 21:05:30', '2026-06-13 21:05:30'),
(15, 6, 'Motherboard', 'Lenovo · thinkpad x31', 10, 1350.00, 13500.00, 0, '2026-06-13 23:26:13', '2026-06-13 23:26:13'),
(16, 6, 'RAM', 'Atech · asas', 20, 1080.00, 21600.00, 1, '2026-06-13 23:26:13', '2026-06-13 23:26:13'),
(17, 7, 'Kahoy na lamesa', 'Oax wood · Skato pang bata', 1, 1300.00, 1300.00, 0, '2026-06-15 14:14:35', '2026-06-15 14:14:35'),
(18, 8, 'TV', 'Samsung · 24inch 34 ghts', 1, 22000.00, 22000.00, 0, '2026-06-15 15:36:58', '2026-06-15 15:36:58'),
(19, 9, 'Sample rani', 'Sample ra · Sample', 1, 1200.00, 1200.00, 0, '2026-06-17 20:10:17', '2026-06-17 20:10:17'),
(20, 10, 'Brook', 'life life fruit · zoan type', 1, 1330.00, 1330.00, 0, '2026-06-18 15:04:22', '2026-06-18 15:04:22'),
(21, 10, 'Zoror', 'Swordsman · 3 sword style', 1, 1425.00, 1425.00, 1, '2026-06-18 15:04:22', '2026-06-18 15:04:22'),
(22, 10, 'Sanji', 'Black leg · Germa genes', 1, 1520.00, 1520.00, 2, '2026-06-18 15:04:22', '2026-06-18 15:04:22'),
(23, 11, 'Motherboard', 'Lenovo · thinkpad x31', 20, 1235.00, 24700.00, 0, '2026-06-18 18:13:56', '2026-06-18 18:13:56'),
(24, 11, 'RAM', 'Atech · asas', 20, 1140.00, 22800.00, 1, '2026-06-18 18:13:56', '2026-06-18 18:13:56'),
(25, 11, 'Keyboard', 'asda · asda', 20, 1045.00, 20900.00, 2, '2026-06-18 18:13:56', '2026-06-18 18:13:56');

-- --------------------------------------------------------

--
-- Table structure for table `purchase_order_taxes`
--

CREATE TABLE `purchase_order_taxes` (
  `id` int(10) UNSIGNED NOT NULL,
  `purchase_order_id` int(10) UNSIGNED NOT NULL,
  `tax_type` varchar(50) NOT NULL,
  `transaction_type` varchar(100) DEFAULT NULL,
  `rate` decimal(5,4) NOT NULL DEFAULT 0.0000,
  `rate_override` tinyint(1) NOT NULL DEFAULT 0,
  `amount_deducted` decimal(12,2) NOT NULL DEFAULT 0.00,
  `label` varchar(100) DEFAULT NULL,
  `supplier_vat_registered` tinyint(1) DEFAULT NULL,
  `transaction_vat_exempt` tinyint(1) DEFAULT NULL,
  `notes` text DEFAULT NULL,
  `computed_by` int(11) DEFAULT NULL,
  `computed_at` datetime DEFAULT NULL,
  `created_at` datetime NOT NULL DEFAULT current_timestamp(),
  `updated_at` datetime NOT NULL DEFAULT current_timestamp() ON UPDATE current_timestamp()
) ENGINE=InnoDB DEFAULT CHARSET=utf8mb4 COLLATE=utf8mb4_unicode_ci;

--
-- Dumping data for table `purchase_order_taxes`
--

INSERT INTO `purchase_order_taxes` (`id`, `purchase_order_id`, `tax_type`, `transaction_type`, `rate`, `rate_override`, `amount_deducted`, `label`, `supplier_vat_registered`, `transaction_vat_exempt`, `notes`, `computed_by`, `computed_at`, `created_at`, `updated_at`) VALUES
(2, 1, 'EWT', 'Purchase of services', 0.0200, 0, 1116.01, NULL, NULL, NULL, NULL, 21, '2026-06-07 21:32:37', '2026-06-07 21:32:37', '2026-06-07 21:32:37'),
(6, 2, 'EWT', 'Purchase of services', 0.0200, 0, 1045.00, NULL, NULL, NULL, NULL, 21, '2026-06-07 22:53:31', '2026-06-07 22:53:31', '2026-06-07 22:53:31'),
(8, 5, 'EWT', 'Purchase of services', 0.0200, 0, 780.00, NULL, NULL, NULL, NULL, 21, '2026-06-13 21:56:05', '2026-06-13 21:56:05', '2026-06-13 21:56:05'),
(10, 6, 'EWT', 'Purchase of goods', 0.0100, 0, 351.00, NULL, NULL, NULL, NULL, 21, '2026-06-13 23:28:13', '2026-06-13 23:28:13', '2026-06-13 23:28:13');

-- --------------------------------------------------------

--
-- Table structure for table `purchase_requisition_approval`
--

CREATE TABLE `purchase_requisition_approval` (
  `request_id` int(11) NOT NULL,
  `pr_inv_status` enum('accept','reject','pending') NOT NULL DEFAULT 'pending',
  `pr_inv_note` varchar(500) DEFAULT NULL,
  `pr_inv_at` datetime DEFAULT NULL,
  `pr_pres_status` enum('accept','reject','pending') NOT NULL DEFAULT 'pending',
  `pr_pres_note` varchar(500) DEFAULT NULL,
  `pr_pres_at` datetime DEFAULT NULL,
  `pr_submission_status` enum('draft','submitted') DEFAULT 'draft'
) ENGINE=InnoDB DEFAULT CHARSET=utf8mb4 COLLATE=utf8mb4_general_ci;

--
-- Dumping data for table `purchase_requisition_approval`
--

INSERT INTO `purchase_requisition_approval` (`request_id`, `pr_inv_status`, `pr_inv_note`, `pr_inv_at`, `pr_pres_status`, `pr_pres_note`, `pr_pres_at`, `pr_submission_status`) VALUES
(1, 'pending', NULL, NULL, 'pending', NULL, NULL, 'draft'),
(4, 'pending', NULL, NULL, 'pending', NULL, NULL, 'draft'),
(7, 'pending', NULL, NULL, 'pending', NULL, NULL, 'draft'),
(9, 'pending', NULL, NULL, 'pending', NULL, NULL, 'draft'),
(11, 'pending', NULL, NULL, 'pending', NULL, NULL, 'draft'),
(12, 'accept', NULL, '2026-04-28 02:20:07', 'accept', NULL, '2026-04-28 02:48:22', 'submitted'),
(13, 'accept', NULL, '2026-04-28 02:51:52', 'pending', NULL, NULL, 'submitted'),
(14, 'accept', NULL, '2026-04-28 05:36:39', 'accept', NULL, '2026-04-28 05:38:11', 'submitted'),
(15, 'pending', NULL, NULL, 'pending', NULL, NULL, 'draft'),
(16, 'pending', NULL, NULL, 'pending', NULL, NULL, 'draft'),
(24, 'accept', NULL, '2026-06-03 03:27:56', 'accept', NULL, '2026-06-03 03:32:00', 'draft'),
(25, 'accept', NULL, '2026-06-03 04:24:12', 'accept', NULL, '2026-06-03 04:25:15', 'draft'),
(26, 'accept', NULL, '2026-06-03 08:41:32', 'accept', NULL, '2026-06-03 08:42:10', 'draft'),
(28, 'accept', NULL, '2026-06-07 20:03:19', 'accept', NULL, '2026-06-07 20:04:04', 'draft'),
(29, 'accept', NULL, '2026-06-07 22:40:10', 'accept', NULL, '2026-06-07 22:42:10', 'draft'),
(31, 'accept', NULL, '2026-06-13 21:04:05', 'accept', NULL, '2026-06-13 21:05:30', 'draft'),
(32, 'accept', NULL, '2026-06-13 23:25:46', 'accept', NULL, '2026-06-13 23:26:13', 'draft'),
(33, 'accept', NULL, '2026-06-15 14:14:16', 'accept', NULL, '2026-06-15 14:14:35', 'draft'),
(34, 'accept', NULL, '2026-06-15 15:36:30', 'accept', NULL, '2026-06-15 15:36:57', 'draft'),
(35, 'accept', NULL, '2026-06-17 20:09:49', 'accept', NULL, '2026-06-17 20:10:17', 'draft'),
(36, 'accept', NULL, '2026-06-18 15:03:43', 'accept', NULL, '2026-06-18 15:04:21', 'draft'),
(37, 'accept', NULL, '2026-06-18 18:13:14', 'accept', NULL, '2026-06-18 18:13:53', 'draft');

-- --------------------------------------------------------

--
-- Table structure for table `purchase_requisition_audit`
--

CREATE TABLE `purchase_requisition_audit` (
  `purchase_audit_id` int(11) NOT NULL,
  `request_id` int(11) NOT NULL,
  `generated_by_user_id` int(11) NOT NULL,
  `generated_at` datetime NOT NULL DEFAULT current_timestamp(),
  `requester_name` varchar(120) DEFAULT NULL,
  `purpose` varchar(255) DEFAULT NULL,
  `grand_total` decimal(14,2) NOT NULL DEFAULT 0.00
) ENGINE=InnoDB DEFAULT CHARSET=utf8mb4 COLLATE=utf8mb4_general_ci;

--
-- Dumping data for table `purchase_requisition_audit`
--

INSERT INTO `purchase_requisition_audit` (`purchase_audit_id`, `request_id`, `generated_by_user_id`, `generated_at`, `requester_name`, `purpose`, `grand_total`) VALUES
(32, 13, 16, '2026-04-28 01:55:18', 'Dean', 'for the new laboratory', 2000.00),
(37, 12, 16, '2026-04-28 02:20:07', 'Dean', 'For New The Laboratory', 145000.00),
(38, 12, 24, '2026-04-28 02:48:22', 'Dean', 'For New The Laboratory', 145000.00),
(39, 13, 16, '2026-04-28 02:51:52', 'Dean', 'for the new laboratory', 2000.00),
(40, 14, 16, '2026-04-28 05:36:39', 'Dean', 'replacement item', 2000.00),
(41, 14, 24, '2026-04-28 05:38:11', 'Dean', 'replacement item', 2000.00),
(42, 24, 16, '2026-06-03 03:19:42', 'Dean', 'Sample11', 800.00),
(43, 24, 16, '2026-06-03 03:27:57', 'Dean', 'Sample11', 800.00),
(44, 24, 24, '2026-06-03 03:32:00', 'Dean', 'Sample11', 800.00),
(45, 25, 16, '2026-06-03 04:24:12', 'Dean', 'last sample rerun', 110000.00),
(46, 25, 24, '2026-06-03 04:25:15', 'Dean', 'last sample rerun', 110000.00),
(47, 26, 16, '2026-06-03 08:41:32', 'Dean', 'Sample Run through', 47000.00),
(48, 26, 24, '2026-06-03 08:42:11', 'Dean', 'Sample Run through', 47000.00),
(49, 28, 16, '2026-06-07 20:03:19', 'Dean', 'let\'s call it a day', 55800.30),
(50, 28, 24, '2026-06-07 20:04:04', 'Dean', 'let\'s call it a day', 55800.30),
(51, 29, 16, '2026-06-07 22:40:10', 'Dean', 'For Replacement', 52250.00),
(52, 29, 24, '2026-06-07 22:42:10', 'Dean', 'For Replacement', 52250.00),
(53, 31, 16, '2026-06-13 21:04:05', 'cicte_department', 'Sample lang', 39000.00),
(54, 31, 24, '2026-06-13 21:05:30', 'cicte_department', 'Sample lang', 39000.00),
(55, 32, 16, '2026-06-13 23:25:46', 'cicte_department', 'Sample', 35100.00),
(56, 32, 24, '2026-06-13 23:26:13', 'cicte_department', 'Sample', 35100.00),
(57, 33, 16, '2026-06-15 14:14:16', 'cicte_department', 'Sample karung adlawa', 1300.00),
(58, 33, 24, '2026-06-15 14:14:35', 'cicte_department', 'Sample karung adlawa', 1300.00),
(59, 34, 16, '2026-06-15 15:36:30', 'conahs_department', 'Last Sample', 22000.00),
(60, 34, 24, '2026-06-15 15:36:58', 'conahs_department', 'Last Sample', 22000.00),
(61, 35, 16, '2026-06-17 20:09:49', 'cicte_department', 'Sample rani', 1200.00),
(62, 35, 24, '2026-06-17 20:10:17', 'cicte_department', 'Sample rani', 1200.00),
(63, 36, 16, '2026-06-18 15:03:43', 'Monkey D. Luffy', 'King of the pirates', 4275.00),
(64, 36, 24, '2026-06-18 15:04:22', 'Monkey D. Luffy', 'King of the pirates', 4275.00),
(65, 37, 16, '2026-06-18 18:12:31', 'Che tarre', 'For New Laboratory', 68400.00),
(66, 37, 16, '2026-06-18 18:13:15', 'Che tarre', 'For New Laboratory', 68400.00),
(67, 37, 24, '2026-06-18 18:13:55', 'Che tarre', 'For New Laboratory', 68400.00);

-- --------------------------------------------------------

--
-- Table structure for table `purchase_requisition_audit_item`
--

CREATE TABLE `purchase_requisition_audit_item` (
  `purchase_audit_item_id` int(11) NOT NULL,
  `purchase_audit_id` int(11) NOT NULL,
  `line_no` int(11) NOT NULL,
  `description_name` varchar(180) NOT NULL,
  `description_brand` varchar(120) DEFAULT NULL,
  `description_model` varchar(120) DEFAULT NULL,
  `description_specification` varchar(500) DEFAULT NULL,
  `qty` int(11) NOT NULL DEFAULT 1,
  `supplier_name` varchar(180) NOT NULL,
  `unit_price` decimal(14,2) NOT NULL DEFAULT 0.00,
  `amount` decimal(14,2) NOT NULL DEFAULT 0.00
) ENGINE=InnoDB DEFAULT CHARSET=utf8mb4 COLLATE=utf8mb4_general_ci;

--
-- Dumping data for table `purchase_requisition_audit_item`
--

INSERT INTO `purchase_requisition_audit_item` (`purchase_audit_item_id`, `purchase_audit_id`, `line_no`, `description_name`, `description_brand`, `description_model`, `description_specification`, `qty`, `supplier_name`, `unit_price`, `amount`) VALUES
(30, 32, 1, 'Desktop table', 'Uratex', 'DT-120 120x60cm', 'Wooden office desk, laminated finish, metal legs, brown color, suitable for office use', 1, 'KimWatches Shop', 2000.00, 2000.00),
(35, 37, 1, 'CPU', 'AMD', 'Ryzen 5 5600G', '6-core, 12-thread desktop processor with 3.9GHz base clock and up to 4.4GHz boost. Includes integrated Radeon Graphics, suitable for office work, school use, and light multimedia tasks.', 29, 'RS SHOP', 5000.00, 145000.00),
(36, 38, 1, 'CPU', 'AMD', 'Ryzen 5 5600G', '6-core, 12-thread desktop processor with 3.9GHz base clock and up to 4.4GHz boost. Includes integrated Radeon Graphics, suitable for office work, school use, and light multimedia tasks.', 29, 'RS SHOP', 5000.00, 145000.00),
(37, 39, 1, 'Desktop table', 'Uratex', 'DT-120 120x60cm', 'Wooden office desk, laminated finish, metal legs, brown color, suitable for office use', 1, 'KimWatches Shop', 2000.00, 2000.00),
(38, 40, 1, 'RAM', 'Kingston', '8GB DDR4 3200MHz', '8GB DDR4 desktop memory, 3200MHz speed, suitable for office work and general multitasking', 1, 'SonJingWoo Shop', 2000.00, 2000.00),
(39, 41, 1, 'RAM', 'Kingston', '8GB DDR4 3200MHz', '8GB DDR4 desktop memory, 3200MHz speed, suitable for office work and general multitasking', 1, 'SonJingWoo Shop', 2000.00, 2000.00),
(40, 42, 1, 'Motherboard', 'Lenovo', 'thinkpad x31', NULL, 1, 'KimWatches Shop', 300.00, 300.00),
(41, 42, 2, 'RAM', 'Atech', 'asas', NULL, 1, 'RS SHOP', 500.00, 500.00),
(42, 43, 1, 'Motherboard', 'Lenovo', 'thinkpad x31', NULL, 1, 'KimWatches Shop', 300.00, 300.00),
(43, 43, 2, 'RAM', 'Atech', 'asas', NULL, 1, 'RS SHOP', 500.00, 500.00),
(44, 44, 1, 'Motherboard', 'Lenovo', 'thinkpad x31', NULL, 1, 'KimWatches Shop', 300.00, 300.00),
(45, 44, 2, 'RAM', 'Atech', 'asas', NULL, 1, 'RS SHOP', 500.00, 500.00),
(46, 45, 1, 'Motherboard', 'Lenovo', 'thinkpad x31', NULL, 20, 'KimWatches Shop', 1500.00, 30000.00),
(47, 45, 2, 'RAM', 'Atech', 'asas', NULL, 20, 'Supplier', 1000.00, 20000.00),
(48, 45, 3, 'keyboard', 'BASTA BRAND', 'Mechanical', NULL, 20, 'Supplier', 2300.00, 46000.00),
(49, 45, 4, 'Mouse', 'Basta', 'asdasd', NULL, 20, 'kani nga shop sample', 700.00, 14000.00),
(50, 46, 1, 'Motherboard', 'Lenovo', 'thinkpad x31', NULL, 20, 'KimWatches Shop', 1500.00, 30000.00),
(51, 46, 2, 'RAM', 'Atech', 'asas', NULL, 20, 'Supplier', 1000.00, 20000.00),
(52, 46, 3, 'keyboard', 'BASTA BRAND', 'Mechanical', NULL, 20, 'Supplier', 2300.00, 46000.00),
(53, 46, 4, 'Mouse', 'Basta', 'asdasd', NULL, 20, 'kani nga shop sample', 700.00, 14000.00),
(54, 47, 1, 'SamplItem', 'SampleBrand', 'SampleModel', 'SampleText', 10, 'Shoppee OnlineShop', 1200.00, 12000.00),
(55, 47, 2, 'SampleItem2', 'SamplpeBrand2', 'SampleModel2', 'SampleText2', 20, 'Shoppee OnlineShop', 1000.00, 20000.00),
(56, 47, 3, 'Motherboard', 'Lenovo', 'thinkpad x31', NULL, 10, 'KimWatches Shop', 1500.00, 15000.00),
(57, 48, 1, 'SamplItem', 'SampleBrand', 'SampleModel', 'SampleText', 10, 'Shoppee OnlineShop', 1200.00, 12000.00),
(58, 48, 2, 'SampleItem2', 'SamplpeBrand2', 'SampleModel2', 'SampleText2', 20, 'Shoppee OnlineShop', 1000.00, 20000.00),
(59, 48, 3, 'Motherboard', 'Lenovo', 'thinkpad x31', NULL, 10, 'KimWatches Shop', 1500.00, 15000.00),
(60, 49, 1, 'Motherboard', 'Lenovo', 'thinkpad x31', NULL, 10, 'asdasd', 3150.00, 31500.00),
(61, 49, 2, 'RAM', 'Atech', 'asas', NULL, 15, 'asdasd', 1620.02, 24300.30),
(62, 50, 1, 'Motherboard', 'Lenovo', 'thinkpad x31', NULL, 10, 'asdasd', 3150.00, 31500.00),
(63, 50, 2, 'RAM', 'Atech', 'asas', NULL, 15, 'asdasd', 1620.02, 24300.30),
(64, 51, 1, 'Motherboard', 'Lenovo', 'thinkpad x31', NULL, 10, 'RS SHOP', 1900.00, 19000.00),
(65, 51, 2, 'RAM', 'Atech', 'asas', NULL, 10, 'RS SHOP', 3325.00, 33250.00),
(66, 52, 1, 'Motherboard', 'Lenovo', 'thinkpad x31', NULL, 10, 'RS SHOP', 1900.00, 19000.00),
(67, 52, 2, 'RAM', 'Atech', 'asas', NULL, 10, 'RS SHOP', 3325.00, 33250.00),
(68, 53, 1, 'Motherboard', 'Lenovo', 'thinkpad x31', NULL, 10, 'KimWatches Shop', 1200.00, 12000.00),
(69, 53, 2, 'RAM', 'Atech', 'asas', NULL, 10, 'KimWatches Shop', 1500.00, 15000.00),
(70, 53, 3, 'TAble', 'a sdasd', 'sdasdasd', NULL, 10, 'asda', 1200.00, 12000.00),
(71, 54, 1, 'Motherboard', 'Lenovo', 'thinkpad x31', NULL, 10, 'KimWatches Shop', 1200.00, 12000.00),
(72, 54, 2, 'RAM', 'Atech', 'asas', NULL, 10, 'KimWatches Shop', 1500.00, 15000.00),
(73, 54, 3, 'TAble', 'a sdasd', 'sdasdasd', NULL, 10, 'asda', 1200.00, 12000.00),
(74, 55, 1, 'Motherboard', 'Lenovo', 'thinkpad x31', NULL, 10, 'SonJingWoo Shop', 1350.00, 13500.00),
(75, 55, 2, 'RAM', 'Atech', 'asas', NULL, 20, 'SonJingWoo Shop', 1080.00, 21600.00),
(76, 56, 1, 'Motherboard', 'Lenovo', 'thinkpad x31', NULL, 10, 'SonJingWoo Shop', 1350.00, 13500.00),
(77, 56, 2, 'RAM', 'Atech', 'asas', NULL, 20, 'SonJingWoo Shop', 1080.00, 21600.00),
(78, 57, 1, 'Kahoy na lamesa', 'Oax wood', 'Skato pang bata', 'colro white', 1, 'SonJingWoo Shop', 1300.00, 1300.00),
(79, 58, 1, 'Kahoy na lamesa', 'Oax wood', 'Skato pang bata', 'colro white', 1, 'SonJingWoo Shop', 1300.00, 1300.00),
(80, 59, 1, 'TV', 'Samsung', '24inch 34 ghts', NULL, 1, 'Supplier', 22000.00, 22000.00),
(81, 60, 1, 'TV', 'Samsung', '24inch 34 ghts', NULL, 1, 'Supplier', 22000.00, 22000.00),
(82, 61, 1, 'Sample rani', 'Sample ra', 'Sample', NULL, 1, 'thea cassandra', 1200.00, 1200.00),
(83, 62, 1, 'Sample rani', 'Sample ra', 'Sample', NULL, 1, 'thea cassandra', 1200.00, 1200.00),
(84, 63, 1, 'Brook', 'life life fruit', 'zoan type', 'skeleton', 1, 'Shoppee', 1330.00, 1330.00),
(85, 63, 2, 'Zoror', 'Swordsman', '3 sword style', 'Moss head', 1, 'Shoppee', 1425.00, 1425.00),
(86, 63, 3, 'Sanji', 'Black leg', 'Germa genes', 'Pervert', 1, 'Shoppee', 1520.00, 1520.00),
(87, 64, 1, 'Brook', 'life life fruit', 'zoan type', 'skeleton', 1, 'Shoppee', 1330.00, 1330.00),
(88, 64, 2, 'Zoror', 'Swordsman', '3 sword style', 'Moss head', 1, 'Shoppee', 1425.00, 1425.00),
(89, 64, 3, 'Sanji', 'Black leg', 'Germa genes', 'Pervert', 1, 'Shoppee', 1520.00, 1520.00),
(90, 65, 1, 'Motherboard', 'Lenovo', 'thinkpad x31', NULL, 20, 'ABT shop', 1235.00, 24700.00),
(91, 65, 2, 'RAM', 'Atech', 'asas', NULL, 20, 'ABT shop', 1140.00, 22800.00),
(92, 65, 3, 'Keyboard', 'asda', 'asda', NULL, 20, 'ABT shop', 1045.00, 20900.00),
(93, 66, 1, 'Motherboard', 'Lenovo', 'thinkpad x31', NULL, 20, 'ABT shop', 1235.00, 24700.00),
(94, 66, 2, 'RAM', 'Atech', 'asas', NULL, 20, 'ABT shop', 1140.00, 22800.00),
(95, 66, 3, 'Keyboard', 'asda', 'asda', NULL, 20, 'ABT shop', 1045.00, 20900.00),
(96, 67, 1, 'Motherboard', 'Lenovo', 'thinkpad x31', NULL, 20, 'ABT shop', 1235.00, 24700.00),
(97, 67, 2, 'RAM', 'Atech', 'asas', NULL, 20, 'ABT shop', 1140.00, 22800.00),
(98, 67, 3, 'Keyboard', 'asda', 'asda', NULL, 20, 'ABT shop', 1045.00, 20900.00);

-- --------------------------------------------------------

--
-- Table structure for table `request_approval_suggested_supplier_item`
--

CREATE TABLE `request_approval_suggested_supplier_item` (
  `suggested_item_id` int(11) NOT NULL,
  `request_id` int(11) NOT NULL,
  `canvass_detail_id` int(11) NOT NULL,
  `supplier_id` int(11) NOT NULL,
  `selection_source` enum('preferred','canvassed') DEFAULT NULL,
  `accepted_qty` int(10) UNSIGNED DEFAULT NULL,
  `deferred_qty` int(10) UNSIGNED DEFAULT 0,
  `deferred_message` text DEFAULT NULL,
  `comptroller_qty_status` enum('fully_approved','deferred') DEFAULT NULL,
  `comptroller_approved_by_user_id` int(11) DEFAULT NULL,
  `comptroller_approved_at` datetime DEFAULT NULL,
  `selected_by_user_id` int(11) NOT NULL,
  `selected_at` datetime NOT NULL DEFAULT current_timestamp()
) ENGINE=InnoDB DEFAULT CHARSET=utf8mb4 COLLATE=utf8mb4_general_ci;

--
-- Dumping data for table `request_approval_suggested_supplier_item`
--

INSERT INTO `request_approval_suggested_supplier_item` (`suggested_item_id`, `request_id`, `canvass_detail_id`, `supplier_id`, `selection_source`, `accepted_qty`, `deferred_qty`, `deferred_message`, `comptroller_qty_status`, `comptroller_approved_by_user_id`, `comptroller_approved_at`, `selected_by_user_id`, `selected_at`) VALUES
(20, 13, 17, 1, NULL, NULL, 0, NULL, NULL, NULL, NULL, 22, '2026-04-27 23:14:48'),
(23, 12, 20, 4, NULL, NULL, 0, NULL, NULL, NULL, NULL, 22, '2026-04-28 00:35:14'),
(24, 14, 22, 3, NULL, NULL, 0, NULL, NULL, NULL, NULL, 22, '2026-04-28 05:33:23'),
(27, 15, 27, 4, NULL, NULL, 0, NULL, NULL, NULL, NULL, 22, '2026-04-28 11:41:45'),
(28, 15, 28, 1, NULL, NULL, 0, NULL, NULL, NULL, NULL, 22, '2026-04-28 11:41:46'),
(31, 16, 33, 1, NULL, NULL, 0, NULL, NULL, NULL, NULL, 22, '2026-04-28 15:45:33'),
(32, 16, 34, 3, NULL, NULL, 0, NULL, NULL, NULL, NULL, 22, '2026-04-28 15:45:35'),
(66, 24, 127, 1, 'preferred', 1, 0, NULL, 'fully_approved', 21, '2026-06-03 02:54:17', 22, '2026-06-03 01:31:34'),
(67, 24, 128, 4, 'canvassed', 1, 0, NULL, 'fully_approved', 21, '2026-06-03 02:54:17', 22, '2026-06-03 01:31:37'),
(74, 25, 219, 1, 'canvassed', 20, 10, 'Budget constraints', 'deferred', 21, '2026-06-03 04:12:21', 22, '2026-06-03 04:05:12'),
(75, 25, 220, 13, 'preferred', 20, 10, 'Budget constraints', 'deferred', 21, '2026-06-03 04:12:21', 22, '2026-06-03 04:05:17'),
(76, 25, 221, 13, 'preferred', 20, 10, 'Budget constraints', 'deferred', 21, '2026-06-03 04:12:21', 22, '2026-06-03 04:05:19'),
(77, 25, 222, 11, 'preferred', 20, 10, 'Budget constraints', 'deferred', 21, '2026-06-03 04:12:21', 22, '2026-06-03 04:05:28'),
(87, 26, 243, 14, 'preferred', 10, 10, 'Stock availability issue', 'deferred', 21, '2026-06-03 08:38:35', 22, '2026-06-03 08:35:28'),
(88, 26, 244, 14, 'preferred', 20, 0, NULL, 'fully_approved', 21, '2026-06-03 08:38:35', 22, '2026-06-03 08:35:29'),
(89, 26, 245, 1, 'canvassed', 10, 10, 'wala namay wawart', 'deferred', 21, '2026-06-03 08:38:35', 22, '2026-06-03 08:35:31'),
(105, 27, 260, 1, 'preferred', NULL, 0, NULL, NULL, NULL, NULL, 22, '2026-06-06 21:41:04'),
(107, 27, 259, 3, 'canvassed', NULL, 0, NULL, NULL, NULL, NULL, 22, '2026-06-06 21:41:08'),
(111, 28, 280, 10, 'canvassed', 10, 10, 'Policy limit reached', 'deferred', 21, '2026-06-06 22:18:09', 22, '2026-06-06 21:59:18'),
(112, 28, 281, 10, 'canvassed', 15, 5, 'Budget constraints', 'deferred', 21, '2026-06-06 22:18:09', 22, '2026-06-06 21:59:19'),
(128, 29, 307, 4, 'canvassed', 10, 10, 'Budget constraints', 'deferred', 21, '2026-06-07 22:34:59', 22, '2026-06-07 22:32:24'),
(129, 29, 308, 4, 'canvassed', 10, 10, 'Wala namay kwarta ang iskwelahan, i balik nalang sunod nxt yr', 'deferred', 21, '2026-06-07 22:34:59', 22, '2026-06-07 22:32:25'),
(132, 31, 375, 1, 'preferred', 10, 10, 'Stock availability issue', 'deferred', 21, '2026-06-13 21:01:59', 22, '2026-06-13 20:53:59'),
(133, 31, 376, 1, 'preferred', 10, 10, 'Stock availability issue', 'deferred', 21, '2026-06-13 21:01:59', 22, '2026-06-13 20:54:00'),
(134, 31, 377, 9, 'preferred', 10, 10, 'Budget constraints', 'deferred', 21, '2026-06-13 21:01:59', 22, '2026-06-13 20:54:05'),
(135, 32, 399, 3, 'canvassed', 10, 10, 'Budget constraints', 'deferred', 21, '2026-06-13 23:24:53', 22, '2026-06-13 23:24:02'),
(136, 32, 400, 3, 'canvassed', 20, 0, NULL, 'fully_approved', 21, '2026-06-13 23:24:53', 22, '2026-06-13 23:24:01'),
(158, 33, 410, 3, 'canvassed', 1, 0, NULL, 'fully_approved', 21, '2026-06-15 14:13:18', 22, '2026-06-15 14:11:15'),
(160, 34, 419, 13, 'canvassed', 1, 0, NULL, 'fully_approved', 21, '2026-06-15 15:35:24', 22, '2026-06-15 15:34:45'),
(167, 35, 434, 20, 'preferred', 1, 0, NULL, 'fully_approved', 21, '2026-06-17 20:09:00', 22, '2026-06-17 20:08:14'),
(188, 36, 507, 8, 'canvassed', 1, 0, NULL, 'fully_approved', 21, '2026-06-18 14:58:16', 22, '2026-06-18 14:24:08'),
(189, 36, 508, 8, 'canvassed', 1, 0, NULL, 'fully_approved', 21, '2026-06-18 14:58:16', 22, '2026-06-18 14:24:09'),
(191, 36, 509, 8, 'canvassed', 1, 0, NULL, 'fully_approved', 21, '2026-06-18 14:58:16', 22, '2026-06-18 14:24:10'),
(206, 37, 558, 20, 'canvassed', 20, 20, 'wala nay kwarta', 'deferred', 21, '2026-06-18 18:10:32', 22, '2026-06-18 18:08:49'),
(207, 37, 559, 20, 'canvassed', 20, 20, 'Stock availability issue', 'deferred', 21, '2026-06-18 18:10:32', 22, '2026-06-18 18:08:51'),
(208, 37, 560, 20, 'canvassed', 20, 20, 'Insufficient funds', 'deferred', 21, '2026-06-18 18:10:32', 22, '2026-06-18 18:08:53');

-- --------------------------------------------------------

--
-- Table structure for table `requisition_canvass_detail`
--

CREATE TABLE `requisition_canvass_detail` (
  `canvass_detail_id` int(11) NOT NULL,
  `request_id` int(11) NOT NULL,
  `requisition_line_id` int(11) DEFAULT NULL,
  `user_id` int(11) NOT NULL,
  `component_label` varchar(150) DEFAULT NULL,
  `brand` varchar(100) DEFAULT NULL,
  `model` varchar(100) DEFAULT NULL,
  `specification` varchar(500) DEFAULT NULL,
  `sort_order` int(11) NOT NULL DEFAULT 0,
  `canvass_submission_status` enum('draft','submitted') DEFAULT 'draft',
  `created_at` datetime NOT NULL DEFAULT current_timestamp(),
  `updated_at` datetime NOT NULL DEFAULT current_timestamp() ON UPDATE current_timestamp()
) ENGINE=InnoDB DEFAULT CHARSET=utf8mb4 COLLATE=utf8mb4_general_ci;

--
-- Dumping data for table `requisition_canvass_detail`
--

INSERT INTO `requisition_canvass_detail` (`canvass_detail_id`, `request_id`, `requisition_line_id`, `user_id`, `component_label`, `brand`, `model`, `specification`, `sort_order`, `canvass_submission_status`, `created_at`, `updated_at`) VALUES
(14, 11, NULL, 18, 'RAM', 'Atech', 'asas', NULL, 0, 'submitted', '2026-04-27 01:17:10', '2026-06-02 21:22:26'),
(17, 13, NULL, 18, 'Desktop table', 'Uratex', 'DT-120 120x60cm', 'Wooden office desk, laminated finish, metal legs, brown color, suitable for office use', 0, 'submitted', '2026-04-27 22:47:54', '2026-06-13 23:33:03'),
(20, 12, NULL, 18, 'CPU', 'AMD', 'Ryzen 5 5600G', '6-core, 12-thread desktop processor with 3.9GHz base clock and up to 4.4GHz boost. Includes integrated Radeon Graphics, suitable for office work, school use, and light multimedia tasks.', 0, 'submitted', '2026-04-28 00:30:57', '2026-06-13 23:33:03'),
(22, 14, NULL, 18, 'RAM', 'Kingston', '8GB DDR4 3200MHz', '8GB DDR4 desktop memory, 3200MHz speed, suitable for office work and general multitasking', 0, 'submitted', '2026-04-28 05:32:38', '2026-06-13 23:33:03'),
(27, 15, NULL, 18, 'Motherboard', 'Lenovo', 'thinkpad x31', NULL, 0, 'submitted', '2026-04-28 11:41:03', '2026-06-13 23:33:03'),
(28, 15, NULL, 18, 'RAM', 'Atech', 'asas', NULL, 1, 'submitted', '2026-04-28 11:41:03', '2026-06-13 23:33:03'),
(33, 16, NULL, 18, 'CPU', 'AMD', 'Ryzen 5 5600G', '6-core, 12-thread processor with integrated graphics, suitable for office work and general computing', 0, 'submitted', '2026-04-28 15:44:58', '2026-06-13 23:33:03'),
(34, 16, NULL, 18, 'RAM', 'Kingston', '8GB DDR4 3200MHz', '8GB DDR4 desktop memory, 3200MHz speed, ideal for multitasking and office applications', 1, 'submitted', '2026-04-28 15:44:58', '2026-06-13 23:33:03'),
(40, 17, NULL, 18, 'Motherboard', 'Lenovo', 'thinkpad x31', NULL, 0, 'submitted', '2026-05-22 19:24:40', '2026-06-13 23:33:03'),
(41, 18, NULL, 18, 'Wooden Desk', 'Uratex', NULL, NULL, 0, 'draft', '2026-05-22 20:52:00', '2026-05-22 20:52:00'),
(42, 19, NULL, 18, 'Motherboard', 'Lenovo', 'thinkpad x31', NULL, 0, 'draft', '2026-05-25 09:13:12', '2026-05-25 09:13:12'),
(48, 20, NULL, 18, 'Motherboard', 'Lenovo', 'thinkpad x31', NULL, 0, 'draft', '2026-05-25 22:55:21', '2026-05-25 22:55:21'),
(58, 22, NULL, 18, 'Motherboard', 'Lenovo', 'thinkpad x31', NULL, 0, 'submitted', '2026-05-26 20:24:20', '2026-06-13 23:33:03'),
(59, 21, NULL, 18, 'Motherboard', 'Lenovo', 'thinkpad x31', NULL, 0, 'submitted', '2026-05-26 20:24:55', '2026-06-13 23:33:03'),
(123, 23, NULL, 18, 'sample 1', 'sample', 'sample', NULL, 0, 'submitted', '2026-06-03 00:32:55', '2026-06-03 00:32:55'),
(124, 23, NULL, 18, 'RAM', 'Atech', 'asas', NULL, 1, 'submitted', '2026-06-03 00:32:55', '2026-06-03 00:32:55'),
(127, 24, NULL, 18, 'Motherboard', 'Lenovo', 'thinkpad x31', NULL, 0, 'submitted', '2026-06-03 00:52:27', '2026-06-03 00:52:27'),
(128, 24, NULL, 18, 'RAM', 'Atech', 'asas', NULL, 1, 'submitted', '2026-06-03 00:52:27', '2026-06-03 00:52:27'),
(219, 25, NULL, 18, 'Motherboard', 'Lenovo', 'thinkpad x31', NULL, 0, 'submitted', '2026-06-03 04:04:48', '2026-06-03 04:04:48'),
(220, 25, NULL, 18, 'RAM', 'Atech', 'asas', NULL, 1, 'submitted', '2026-06-03 04:04:48', '2026-06-03 04:04:48'),
(221, 25, NULL, 18, 'keyboard', 'BASTA BRAND', 'Mechanical', NULL, 2, 'submitted', '2026-06-03 04:04:48', '2026-06-03 04:04:48'),
(222, 25, NULL, 18, 'Mouse', 'Basta', 'asdasd', NULL, 3, 'submitted', '2026-06-03 04:04:48', '2026-06-03 04:04:48'),
(243, 26, NULL, 18, 'SamplItem', 'SampleBrand', 'SampleModel', 'SampleText', 0, 'submitted', '2026-06-03 08:34:19', '2026-06-03 08:34:19'),
(244, 26, NULL, 18, 'SampleItem2', 'SamplpeBrand2', 'SampleModel2', 'SampleText2', 1, 'submitted', '2026-06-03 08:34:19', '2026-06-03 08:34:19'),
(245, 26, NULL, 18, 'Motherboard', 'Lenovo', 'thinkpad x31', NULL, 2, 'submitted', '2026-06-03 08:34:19', '2026-06-03 08:34:19'),
(259, 27, NULL, 18, 'Motherboard', 'Lenovo', 'thinkpad x31', NULL, 0, 'submitted', '2026-06-06 20:33:45', '2026-06-06 20:33:45'),
(260, 27, NULL, 18, 'RAM', 'Atech', 'asas', NULL, 1, 'submitted', '2026-06-06 20:33:45', '2026-06-06 20:33:45'),
(280, 28, NULL, 18, 'Motherboard', 'Lenovo', 'thinkpad x31', NULL, 0, 'submitted', '2026-06-06 21:58:27', '2026-06-06 21:58:27'),
(281, 28, NULL, 18, 'RAM', 'Atech', 'asas', NULL, 1, 'submitted', '2026-06-06 21:58:27', '2026-06-06 21:58:27'),
(307, 29, NULL, 18, 'Motherboard', 'Lenovo', 'thinkpad x31', NULL, 0, 'submitted', '2026-06-07 22:26:57', '2026-06-07 22:26:57'),
(308, 29, NULL, 18, 'RAM', 'Atech', 'asas', NULL, 1, 'submitted', '2026-06-07 22:26:57', '2026-06-07 22:26:57'),
(375, 31, NULL, 32, 'Motherboard', 'Lenovo', 'thinkpad x31', NULL, 0, 'submitted', '2026-06-13 20:53:23', '2026-06-13 20:53:23'),
(376, 31, NULL, 32, 'RAM', 'Atech', 'asas', NULL, 1, 'submitted', '2026-06-13 20:53:23', '2026-06-13 20:53:23'),
(377, 31, NULL, 32, 'TAble', 'a sdasd', 'sdasdasd', NULL, 2, 'submitted', '2026-06-13 20:53:23', '2026-06-13 20:53:23'),
(399, 32, NULL, 32, 'Motherboard', 'Lenovo', 'thinkpad x31', NULL, 0, 'submitted', '2026-06-13 23:23:28', '2026-06-13 23:23:28'),
(400, 32, NULL, 32, 'RAM', 'Atech', 'asas', NULL, 1, 'submitted', '2026-06-13 23:23:28', '2026-06-13 23:23:28'),
(410, 33, NULL, 32, 'Kahoy na lamesa', 'Oax wood', 'Skato pang bata', 'colro white', 0, 'submitted', '2026-06-15 14:09:43', '2026-06-15 14:09:43'),
(419, 34, NULL, 33, 'TV', 'Samsung', '24inch 34 ghts', NULL, 0, 'submitted', '2026-06-15 15:33:59', '2026-06-15 15:33:59'),
(434, 35, NULL, 32, 'Sample rani', 'Sample ra', 'Sample', NULL, 0, 'submitted', '2026-06-17 15:23:08', '2026-06-17 15:23:08'),
(507, 36, NULL, 32, 'Brook', 'life life fruit', 'zoan type', 'skeleton', 0, 'submitted', '2026-06-18 14:20:26', '2026-06-18 14:20:26'),
(508, 36, NULL, 32, 'Zoror', 'Swordsman', '3 sword style', 'Moss head', 1, 'submitted', '2026-06-18 14:20:26', '2026-06-18 14:20:26'),
(509, 36, NULL, 32, 'Sanji', 'Black leg', 'Germa genes', 'Pervert', 2, 'submitted', '2026-06-18 14:20:26', '2026-06-18 14:20:26'),
(558, 37, NULL, 32, 'Motherboard', 'Lenovo', 'thinkpad x31', NULL, 0, 'submitted', '2026-06-18 18:08:10', '2026-06-18 18:08:10'),
(559, 37, NULL, 32, 'RAM', 'Atech', 'asas', NULL, 1, 'submitted', '2026-06-18 18:08:10', '2026-06-18 18:08:10'),
(560, 37, NULL, 32, 'Keyboard', 'asda', 'asda', NULL, 2, 'submitted', '2026-06-18 18:08:10', '2026-06-18 18:08:10');

-- --------------------------------------------------------

--
-- Table structure for table `requisition_canvass_detail_supplier`
--

CREATE TABLE `requisition_canvass_detail_supplier` (
  `canvass_detail_supplier_id` int(11) NOT NULL,
  `canvass_detail_id` int(11) NOT NULL,
  `supplier_id` int(11) NOT NULL,
  `price` decimal(12,2) DEFAULT NULL,
  `quote_source` enum('preferred','canvasser') NOT NULL DEFAULT 'canvasser',
  `benefits` text DEFAULT NULL
) ENGINE=InnoDB DEFAULT CHARSET=utf8mb4 COLLATE=utf8mb4_general_ci;

--
-- Dumping data for table `requisition_canvass_detail_supplier`
--

INSERT INTO `requisition_canvass_detail_supplier` (`canvass_detail_supplier_id`, `canvass_detail_id`, `supplier_id`, `price`, `quote_source`, `benefits`) VALUES
(11, 14, 3, 123154.00, 'canvasser', NULL),
(15, 17, 1, 2000.00, 'canvasser', NULL),
(16, 17, 4, 2100.00, 'canvasser', NULL),
(17, 17, 3, 2300.00, 'canvasser', NULL),
(22, 20, 1, 132123123.00, 'canvasser', NULL),
(23, 20, 4, 5000.00, 'canvasser', NULL),
(27, 22, 1, 3000.00, 'canvasser', NULL),
(28, 22, 4, 2500.00, 'canvasser', NULL),
(29, 22, 3, 2000.00, 'canvasser', NULL),
(42, 27, 1, 5000.00, 'canvasser', NULL),
(43, 28, 1, 2000.00, 'canvasser', NULL),
(44, 27, 4, 4000.00, 'canvasser', NULL),
(45, 28, 4, 3000.00, 'canvasser', NULL),
(46, 27, 3, 4500.00, 'canvasser', NULL),
(47, 28, 3, 2500.00, 'canvasser', NULL),
(56, 33, 1, 1500.00, 'canvasser', NULL),
(57, 34, 1, 3000.00, 'canvasser', NULL),
(58, 33, 3, 2000.00, 'canvasser', NULL),
(59, 34, 3, 2500.00, 'canvasser', NULL),
(62, 40, 4, 3000.00, 'canvasser', NULL),
(77, 127, 1, 300.00, 'canvasser', NULL),
(78, 128, 1, 120.00, 'canvasser', NULL),
(79, 127, 4, 120.00, 'canvasser', NULL),
(80, 128, 4, 500.00, 'canvasser', NULL),
(85, 219, 1, 1500.00, 'canvasser', NULL),
(86, 220, 1, 1200.00, 'canvasser', NULL),
(87, 221, 1, 1000.00, 'canvasser', NULL),
(88, 222, 1, 1000.00, 'canvasser', NULL),
(89, 243, 1, 1200.00, 'canvasser', NULL),
(90, 244, 1, 1000.00, 'canvasser', NULL),
(91, 245, 1, 1500.00, 'canvasser', NULL),
(92, 259, 3, 1200.00, 'canvasser', 'naay 1 week warranty'),
(93, 260, 3, 1000.00, 'canvasser', 'naay 1 week warranty'),
(96, 280, 10, 3500.00, 'canvasser', NULL),
(97, 281, 10, 1800.02, 'canvasser', NULL),
(98, 307, 4, 2000.00, 'canvasser', 'naay warranty'),
(99, 308, 4, 3500.00, 'canvasser', 'naay warranty'),
(100, 307, 14, 4500.00, 'canvasser', NULL),
(101, 308, 14, 2300.00, 'canvasser', NULL),
(102, 307, 7, 5000.00, 'canvasser', NULL),
(103, 308, 7, 5000.00, 'canvasser', NULL),
(104, 375, 4, 1200.00, 'canvasser', NULL),
(105, 376, 4, 1199.98, 'canvasser', NULL),
(106, 375, 11, 1300.00, 'canvasser', NULL),
(107, 376, 11, 1200.00, 'canvasser', NULL),
(108, 377, 13, 1500.00, 'canvasser', NULL),
(109, 399, 3, 1500.00, 'canvasser', NULL),
(110, 400, 3, 1200.00, 'canvasser', NULL),
(111, 410, 1, 1500.00, 'canvasser', NULL),
(112, 410, 3, 1300.00, 'canvasser', NULL),
(113, 410, 13, 1500.00, 'canvasser', NULL),
(114, 419, 8, 23000.00, 'canvasser', NULL),
(115, 419, 13, 22000.00, 'canvasser', NULL),
(117, 434, 1, 1200.00, 'canvasser', NULL),
(118, 507, 20, 1200.00, 'canvasser', NULL),
(119, 508, 20, 1300.00, 'canvasser', NULL),
(120, 509, 20, 1400.00, 'canvasser', NULL),
(121, 507, 8, 1400.00, 'canvasser', NULL),
(122, 508, 8, 1500.00, 'canvasser', NULL),
(123, 509, 8, 1600.00, 'canvasser', NULL),
(127, 558, 20, 1300.00, 'canvasser', NULL),
(128, 559, 20, 1200.00, 'canvasser', NULL),
(129, 560, 20, 1100.00, 'canvasser', NULL),
(130, 558, 11, 1300.00, 'canvasser', 'Naay warranty'),
(131, 559, 11, 1250.00, 'canvasser', 'Naay warranty'),
(132, 560, 11, 1100.00, 'canvasser', 'Naay warranty');

-- --------------------------------------------------------

--
-- Table structure for table `requisition_form_approval`
--

CREATE TABLE `requisition_form_approval` (
  `request_id` int(11) NOT NULL,
  `requisition_status` enum('accept','reject','pending','') DEFAULT 'pending',
  `requisition_note` varchar(255) DEFAULT NULL,
  `requisition_reviewed_by` varchar(100) DEFAULT NULL,
  `requisition_reviewed_at` datetime DEFAULT NULL
) ENGINE=InnoDB DEFAULT CHARSET=utf8mb4 COLLATE=utf8mb4_general_ci;

--
-- Dumping data for table `requisition_form_approval`
--

INSERT INTO `requisition_form_approval` (`request_id`, `requisition_status`, `requisition_note`, `requisition_reviewed_by`, `requisition_reviewed_at`) VALUES
(1, 'pending', NULL, NULL, NULL),
(4, 'pending', NULL, NULL, NULL),
(7, 'pending', NULL, NULL, NULL),
(9, 'accept', NULL, 'jhaye.rebojo', '2026-06-12 15:39:55'),
(11, 'accept', NULL, 'jhaye.rebojo', '2026-04-26 19:08:47'),
(12, 'accept', NULL, 'jhaye.rebojo', '2026-04-26 14:19:51'),
(13, 'accept', NULL, 'jhaye.rebojo', '2026-04-27 16:29:32'),
(14, 'accept', NULL, 'jhaye.rebojo', '2026-04-27 23:28:46'),
(15, 'accept', NULL, 'jhaye.rebojo', '2026-04-28 05:37:53'),
(16, 'accept', NULL, 'jhaye.rebojo', '2026-04-28 09:30:21'),
(17, 'accept', NULL, 'jhaye.rebojo', '2026-05-12 03:34:49'),
(18, 'accept', NULL, 'jhaye.rebojo', '2026-05-22 13:53:01'),
(19, 'accept', NULL, 'jhaye.rebojo', '2026-05-23 11:20:45'),
(20, 'accept', NULL, 'jhaye.rebojo', '2026-05-25 03:26:22'),
(21, 'accept', NULL, 'jhaye.rebojo', '2026-05-25 17:08:14'),
(22, 'accept', NULL, 'jhaye.rebojo', '2026-05-25 17:38:02'),
(23, 'accept', NULL, 'jhaye.rebojo', '2026-05-28 04:01:42'),
(24, 'accept', NULL, 'jhaye.rebojo', '2026-06-02 15:34:15'),
(25, 'accept', NULL, 'jhaye.rebojo', '2026-06-02 21:36:00'),
(26, 'accept', NULL, 'jhaye.rebojo', '2026-06-03 02:23:08'),
(27, 'accept', NULL, 'jhaye.rebojo', '2026-06-06 12:53:06'),
(28, 'accept', NULL, 'jhaye.rebojo', '2026-06-06 15:43:10'),
(29, 'accept', NULL, 'jhaye.rebojo', '2026-06-07 16:13:04'),
(31, 'accept', NULL, 'jhaye.rebojo', '2026-06-13 14:45:43'),
(32, 'accept', NULL, 'jhaye.rebojo', '2026-06-13 17:20:55'),
(33, 'accept', NULL, 'jhaye.rebojo', '2026-06-15 07:57:18'),
(34, 'accept', NULL, 'jhaye.rebojo', '2026-06-15 09:27:41'),
(35, 'accept', NULL, 'jhaye.rebojo', '2026-06-16 15:29:01'),
(36, 'accept', NULL, 'jhaye.rebojo', '2026-06-17 17:58:49'),
(37, 'accept', NULL, 'jhaye.rebojo', '2026-06-18 11:58:32');

-- --------------------------------------------------------

--
-- Table structure for table `requisition_item`
--

CREATE TABLE `requisition_item` (
  `request_id` int(11) NOT NULL,
  `user_id` int(11) NOT NULL,
  `requester_name` varchar(100) DEFAULT NULL,
  `requester_email` varchar(100) DEFAULT NULL,
  `requester_contact` varchar(20) DEFAULT NULL,
  `office_id` int(11) NOT NULL,
  `facility_id` int(11) NOT NULL,
  `status` enum('Pending','Ongoing','Completed','') NOT NULL,
  `created_at` datetime NOT NULL DEFAULT current_timestamp(),
  `message` varchar(100) DEFAULT NULL,
  `purpose` varchar(255) DEFAULT NULL,
  `urgent_note` varchar(255) DEFAULT NULL,
  `submission_status` enum('draft','submitted') DEFAULT 'draft'
) ENGINE=InnoDB DEFAULT CHARSET=utf8mb4 COLLATE=utf8mb4_general_ci;

--
-- Dumping data for table `requisition_item`
--

INSERT INTO `requisition_item` (`request_id`, `user_id`, `requester_name`, `requester_email`, `requester_contact`, `office_id`, `facility_id`, `status`, `created_at`, `message`, `purpose`, `urgent_note`, `submission_status`) VALUES
(1, 18, NULL, NULL, NULL, 1, 2, 'Ongoing', '2026-04-09 08:17:00', NULL, NULL, NULL, 'submitted'),
(4, 18, NULL, NULL, NULL, 1, 2, 'Ongoing', '2026-04-09 09:08:00', 'asdasd', NULL, NULL, 'submitted'),
(7, 18, NULL, NULL, NULL, 1, 2, 'Pending', '2026-04-18 09:59:00', NULL, NULL, NULL, 'submitted'),
(9, 18, NULL, NULL, NULL, 1, 1, 'Ongoing', '2026-04-21 10:33:00', 'para ni sa bago nga laboratory ma\'am', NULL, NULL, 'submitted'),
(11, 18, NULL, NULL, NULL, 1, 1, 'Ongoing', '2026-04-21 11:07:00', 'para sa bago na setup', NULL, NULL, 'submitted'),
(12, 18, NULL, NULL, NULL, 1, 1, 'Ongoing', '2026-04-22 11:24:00', 'URGENT REQUEST', 'For New The Laboratory', NULL, 'submitted'),
(13, 18, NULL, NULL, NULL, 1, 2, 'Ongoing', '2026-04-27 16:28:59', 'urgent', 'for the new laboratory', NULL, 'submitted'),
(14, 18, NULL, NULL, NULL, 1, 6, 'Ongoing', '2026-04-27 23:18:45', 'urgent', 'replacement item', NULL, 'submitted'),
(15, 18, NULL, NULL, NULL, 1, 6, 'Ongoing', '2026-04-28 05:37:08', 'urgent', 'for new laboratory', NULL, 'submitted'),
(16, 18, NULL, NULL, NULL, 1, 6, 'Ongoing', '2026-04-28 09:29:10', 'urgent', 'for new laboratories', NULL, 'submitted'),
(17, 18, NULL, NULL, NULL, 1, 1, 'Ongoing', '2026-05-12 03:34:10', NULL, NULL, NULL, 'submitted'),
(18, 18, NULL, NULL, NULL, 1, 2, 'Ongoing', '2026-05-22 13:38:49', 'naguba ang usa ka lamesa', 'replacement', NULL, 'submitted'),
(19, 18, NULL, NULL, NULL, 1, 1, 'Ongoing', '2026-05-22 13:59:52', NULL, 'adsasd', NULL, 'submitted'),
(20, 18, NULL, NULL, NULL, 1, 1, 'Ongoing', '2026-05-25 03:14:14', 'asdasdasd', 'asdasd', NULL, 'submitted'),
(21, 18, NULL, NULL, NULL, 1, 1, 'Ongoing', '2026-05-25 17:06:18', 'asdasd', 'asdasd', NULL, 'submitted'),
(22, 18, NULL, NULL, NULL, 1, 1, 'Ongoing', '2026-05-25 17:36:24', 'sample', 'another sample last nani matug nako', NULL, 'submitted'),
(23, 18, NULL, NULL, NULL, 1, 1, 'Ongoing', '2026-05-28 04:00:07', 'sample', 'sample 1', NULL, 'submitted'),
(24, 18, NULL, NULL, NULL, 1, 1, 'Ongoing', '2026-06-02 14:52:58', 'Sample rani', 'Sample11', NULL, 'submitted'),
(25, 18, NULL, NULL, NULL, 1, 2, 'Ongoing', '2026-06-02 21:34:47', 'for sample only rerun', 'last sample rerun', NULL, 'submitted'),
(26, 18, NULL, NULL, NULL, 1, 9, 'Ongoing', '2026-06-03 02:20:16', NULL, 'Sample Run through', NULL, 'submitted'),
(27, 18, NULL, NULL, NULL, 1, 9, 'Ongoing', '2026-06-06 12:50:17', 'sdfsdf', 'another sample last nani matug nako', NULL, 'submitted'),
(28, 18, NULL, NULL, NULL, 1, 9, 'Ongoing', '2026-06-06 15:42:42', NULL, 'let\'s call it a day', NULL, 'submitted'),
(29, 18, NULL, NULL, NULL, 1, 1, 'Ongoing', '2026-06-07 16:12:15', 'Sample last set', 'For Replacement', NULL, 'submitted'),
(31, 32, NULL, NULL, NULL, 1, 9, 'Ongoing', '2026-06-13 14:42:36', 'asasdasd', 'Sample lang', NULL, 'submitted'),
(32, 32, NULL, NULL, NULL, 1, 11, 'Ongoing', '2026-06-13 17:20:37', NULL, 'Sample', NULL, 'submitted'),
(33, 32, NULL, NULL, NULL, 1, 11, 'Ongoing', '2026-06-15 07:55:47', NULL, 'Sample karung adlawa', NULL, 'submitted'),
(34, 33, NULL, NULL, NULL, 2, 3, 'Ongoing', '2026-06-15 09:27:08', NULL, 'Last Sample', NULL, 'submitted'),
(35, 32, 'Sample', 'Sample@gmail.com', '09123456789', 1, 11, 'Ongoing', '2026-06-16 15:28:09', NULL, 'Sample rani', NULL, 'submitted'),
(36, 32, 'Monkey D. Luffy', 'luffy@gmail.com', '09123456789', 1, 11, 'Ongoing', '2026-06-17 17:58:17', NULL, 'King of the pirates', NULL, 'submitted'),
(37, 32, 'Che tarre', 'Sample@gmail.com', '09123456789', 1, 2, 'Ongoing', '2026-06-18 11:57:27', NULL, 'For New Laboratory', NULL, 'submitted');

-- --------------------------------------------------------

--
-- Table structure for table `requisition_line`
--

CREATE TABLE `requisition_line` (
  `requisition_line_id` int(11) NOT NULL,
  `request_id` int(11) NOT NULL,
  `sort_order` int(11) NOT NULL DEFAULT 0,
  `item_id` int(11) DEFAULT NULL,
  `item_name` varchar(100) NOT NULL,
  `item_brand` varchar(100) DEFAULT NULL,
  `model` varchar(100) DEFAULT NULL,
  `specification` text DEFAULT NULL,
  `group_label` varchar(150) DEFAULT NULL,
  `line_status` enum('pending_canvass','canvassed','awarded','ordered') DEFAULT 'pending_canvass',
  `estimated_unit_cost` decimal(12,2) DEFAULT NULL,
  `deleted_at` datetime DEFAULT NULL,
  `item_category` varchar(100) DEFAULT NULL,
  `photo_url` varchar(100) NOT NULL DEFAULT '',
  `quantity` int(11) NOT NULL DEFAULT 1,
  `unit_type` enum('set','unit','piece') NOT NULL DEFAULT 'unit'
) ENGINE=InnoDB DEFAULT CHARSET=utf8mb4 COLLATE=utf8mb4_general_ci;

--
-- Dumping data for table `requisition_line`
--

INSERT INTO `requisition_line` (`requisition_line_id`, `request_id`, `sort_order`, `item_id`, `item_name`, `item_brand`, `model`, `specification`, `group_label`, `line_status`, `estimated_unit_cost`, `deleted_at`, `item_category`, `photo_url`, `quantity`, `unit_type`) VALUES
(1, 1, 0, 10, 'Laptop', 'Lenovo', NULL, NULL, NULL, 'pending_canvass', NULL, NULL, 'Electronics', '', 1, 'unit'),
(2, 4, 0, NULL, 'Keybourd', 'Lenovo', NULL, NULL, NULL, 'pending_canvass', NULL, NULL, 'Electronics', '', 1, 'unit'),
(9, 7, 0, NULL, 'Desktop Table', 'Appliances', NULL, NULL, NULL, 'pending_canvass', NULL, NULL, 'Furniture', '', 1, 'unit'),
(10, 7, 1, 11, 'RAM', 'Atech', NULL, NULL, NULL, 'pending_canvass', NULL, NULL, 'Electronics', '', 1, 'unit'),
(13, 9, 0, 10, 'Motherboard', 'Lenovo', NULL, NULL, NULL, 'pending_canvass', NULL, NULL, 'Electronics', '', 1, 'unit'),
(14, 9, 1, 11, 'RAM', 'Atech', NULL, NULL, NULL, 'pending_canvass', NULL, NULL, 'Electronics', '', 1, 'unit'),
(16, 11, 0, NULL, 'CPU', 'LEenovo', NULL, NULL, NULL, 'pending_canvass', NULL, NULL, 'Electronics', '', 1, 'unit'),
(17, 12, 0, NULL, 'Computer Set', NULL, NULL, NULL, NULL, 'pending_canvass', NULL, NULL, NULL, '', 29, 'set'),
(18, 13, 0, NULL, 'Table', NULL, NULL, NULL, NULL, 'pending_canvass', NULL, NULL, NULL, '', 1, 'unit'),
(19, 14, 0, 11, 'RAM', NULL, NULL, NULL, NULL, 'pending_canvass', NULL, NULL, NULL, '', 1, 'piece'),
(20, 15, 0, NULL, 'Computer set', NULL, NULL, NULL, NULL, 'pending_canvass', NULL, NULL, NULL, '', 30, 'set'),
(21, 16, 0, NULL, 'Computer  set', NULL, NULL, NULL, NULL, 'pending_canvass', NULL, NULL, NULL, '', 30, 'set'),
(23, 17, 0, NULL, 'table', NULL, NULL, NULL, NULL, 'pending_canvass', NULL, NULL, NULL, '', 2, 'unit'),
(24, 18, 0, NULL, 'Table', NULL, NULL, NULL, NULL, 'pending_canvass', NULL, NULL, NULL, '', 1, 'unit'),
(25, 19, 0, 10, 'Motherboard', NULL, NULL, NULL, NULL, 'pending_canvass', NULL, NULL, NULL, '', 1, 'unit'),
(33, 20, 0, NULL, 'system unit', NULL, NULL, NULL, NULL, 'pending_canvass', NULL, NULL, NULL, '', 1, 'unit'),
(35, 21, 0, NULL, 'ambot practice gihapon hagoa', NULL, NULL, NULL, NULL, 'pending_canvass', NULL, NULL, NULL, '', 1, 'unit'),
(37, 22, 0, NULL, 'anothe sample', NULL, NULL, NULL, NULL, 'pending_canvass', NULL, NULL, NULL, '', 1, 'unit'),
(39, 23, 0, NULL, 'last check', NULL, NULL, NULL, NULL, 'pending_canvass', NULL, NULL, NULL, '', 1, 'unit'),
(41, 24, 0, NULL, 'Sample11', NULL, NULL, NULL, NULL, 'pending_canvass', NULL, NULL, NULL, '', 1, 'unit'),
(43, 25, 0, NULL, 'Computer set 1.1', NULL, NULL, NULL, NULL, 'pending_canvass', NULL, NULL, NULL, '', 30, 'set'),
(45, 26, 0, NULL, 'Last Run', NULL, NULL, NULL, NULL, 'pending_canvass', NULL, NULL, NULL, '', 20, 'set'),
(46, 27, 0, NULL, 'Computer Set', NULL, NULL, NULL, NULL, 'pending_canvass', NULL, NULL, NULL, '', 1, 'set'),
(47, 28, 0, NULL, 'Computer Set', NULL, NULL, NULL, NULL, 'pending_canvass', NULL, NULL, NULL, '', 20, 'set'),
(48, 29, 0, NULL, 'Last Test', NULL, NULL, NULL, NULL, 'pending_canvass', NULL, NULL, NULL, '', 20, 'set'),
(50, 31, 0, NULL, 'Computer Set', NULL, NULL, NULL, NULL, 'pending_canvass', NULL, NULL, NULL, '', 20, 'set'),
(51, 31, 1, NULL, 'Table', NULL, NULL, NULL, NULL, 'pending_canvass', NULL, NULL, NULL, '', 1, 'unit'),
(52, 32, 0, NULL, 'Computer Set', NULL, NULL, NULL, NULL, 'pending_canvass', NULL, NULL, NULL, '', 20, 'set'),
(53, 33, 0, NULL, 'Table', NULL, NULL, NULL, NULL, 'pending_canvass', NULL, NULL, NULL, '', 1, 'unit'),
(54, 34, 0, NULL, 'TV', NULL, NULL, NULL, NULL, 'pending_canvass', NULL, NULL, NULL, '', 1, 'unit'),
(55, 35, 0, NULL, 'Sample Item', NULL, NULL, NULL, NULL, 'pending_canvass', NULL, NULL, NULL, '', 1, 'unit'),
(56, 36, 0, NULL, 'Strawhat', NULL, NULL, NULL, NULL, 'pending_canvass', NULL, NULL, NULL, '', 1, 'piece'),
(57, 37, 0, NULL, 'Computer Set', NULL, NULL, NULL, NULL, 'pending_canvass', NULL, NULL, NULL, '', 40, 'set'),
(58, 11, 0, NULL, 'RAM', 'Atech', 'asas', NULL, 'CPU', 'canvassed', NULL, NULL, NULL, '', 1, 'piece'),
(59, 12, 0, NULL, 'CPU', 'AMD', 'Ryzen 5 5600G', '6-core, 12-thread desktop processor with 3.9GHz base clock and up to 4.4GHz boost. Includes integrated Radeon Graphics, suitable for office work, school use, and light multimedia tasks.', 'Computer Set', 'canvassed', NULL, NULL, NULL, '', 1, 'piece'),
(60, 13, 0, NULL, 'Desktop table', 'Uratex', 'DT-120 120x60cm', 'Wooden office desk, laminated finish, metal legs, brown color, suitable for office use', 'Table', 'canvassed', NULL, NULL, NULL, '', 1, 'piece'),
(61, 14, 0, NULL, 'RAM', 'Kingston', '8GB DDR4 3200MHz', '8GB DDR4 desktop memory, 3200MHz speed, suitable for office work and general multitasking', 'RAM', 'canvassed', NULL, NULL, NULL, '', 1, 'piece'),
(62, 15, 0, NULL, 'Motherboard', 'Lenovo', 'thinkpad x31', NULL, 'Computer set', 'canvassed', NULL, NULL, NULL, '', 1, 'piece'),
(63, 16, 0, NULL, 'CPU', 'AMD', 'Ryzen 5 5600G', '6-core, 12-thread processor with integrated graphics, suitable for office work and general computing', 'Computer  set', 'canvassed', NULL, NULL, NULL, '', 1, 'piece'),
(64, 17, 0, NULL, 'Motherboard', 'Lenovo', 'thinkpad x31', NULL, 'table', 'canvassed', NULL, NULL, NULL, '', 1, 'piece'),
(65, 18, 0, NULL, 'Wooden Desk', 'Uratex', NULL, NULL, 'Table', 'canvassed', NULL, NULL, NULL, '', 1, 'piece'),
(66, 19, 0, NULL, 'Motherboard', 'Lenovo', 'thinkpad x31', NULL, 'Motherboard', 'canvassed', NULL, NULL, NULL, '', 1, 'piece'),
(67, 20, 0, NULL, 'Motherboard', 'Lenovo', 'thinkpad x31', NULL, 'system unit', 'canvassed', NULL, NULL, NULL, '', 1, 'piece'),
(68, 21, 0, NULL, 'Motherboard', 'Lenovo', 'thinkpad x31', NULL, 'ambot practice gihapon hagoa', 'canvassed', NULL, NULL, NULL, '', 1, 'piece'),
(69, 22, 0, NULL, 'Motherboard', 'Lenovo', 'thinkpad x31', NULL, 'anothe sample', 'canvassed', NULL, NULL, NULL, '', 1, 'piece'),
(70, 23, 0, NULL, 'sample 1', 'sample', 'sample', NULL, 'last check', 'canvassed', NULL, NULL, NULL, '', 1, 'piece'),
(71, 24, 0, NULL, 'Motherboard', 'Lenovo', 'thinkpad x31', NULL, 'Sample11', 'canvassed', NULL, NULL, NULL, '', 1, 'piece'),
(72, 25, 0, NULL, 'Motherboard', 'Lenovo', 'thinkpad x31', NULL, 'Computer set 1.1', 'canvassed', NULL, NULL, NULL, '', 1, 'piece'),
(73, 26, 0, NULL, 'SamplItem', 'SampleBrand', 'SampleModel', 'SampleText', 'Last Run', 'canvassed', NULL, NULL, NULL, '', 1, 'piece'),
(74, 27, 0, NULL, 'Motherboard', 'Lenovo', 'thinkpad x31', NULL, 'Computer Set', 'canvassed', NULL, NULL, NULL, '', 1, 'piece'),
(75, 28, 0, NULL, 'Motherboard', 'Lenovo', 'thinkpad x31', NULL, 'Computer Set', 'canvassed', NULL, NULL, NULL, '', 1, 'piece'),
(76, 29, 0, NULL, 'Motherboard', 'Lenovo', 'thinkpad x31', NULL, 'Last Test', 'canvassed', NULL, NULL, NULL, '', 1, 'piece'),
(77, 31, 0, NULL, 'Motherboard', 'Lenovo', 'thinkpad x31', NULL, 'Computer Set', 'canvassed', NULL, NULL, NULL, '', 1, 'piece'),
(78, 31, 1, NULL, 'RAM', 'Atech', 'asas', NULL, 'Table', 'canvassed', NULL, NULL, NULL, '', 1, 'piece'),
(79, 32, 0, NULL, 'Motherboard', 'Lenovo', 'thinkpad x31', NULL, 'Computer Set', 'canvassed', NULL, NULL, NULL, '', 1, 'piece'),
(80, 33, 0, NULL, 'Kahoy na lamesa', 'Oax wood', 'Skato pang bata', 'colro white', 'Table', 'canvassed', NULL, NULL, NULL, '', 1, 'piece'),
(81, 34, 0, NULL, 'TV', 'Samsung', '24inch 34 ghts', NULL, 'TV', 'canvassed', NULL, NULL, NULL, '', 1, 'piece'),
(82, 35, 0, NULL, 'Sample rani', 'Sample ra', 'Sample', NULL, 'Sample Item', 'canvassed', NULL, NULL, NULL, '', 1, 'piece'),
(83, 36, 0, NULL, 'Brook', 'life life fruit', 'zoan type', 'skeleton', 'Strawhat', 'canvassed', NULL, NULL, NULL, '', 1, 'piece'),
(84, 37, 0, NULL, 'Motherboard', 'Lenovo', 'thinkpad x31', NULL, 'Computer Set', 'canvassed', NULL, NULL, NULL, '', 1, 'piece');

-- --------------------------------------------------------

--
-- Table structure for table `requisition_line_awards`
--

CREATE TABLE `requisition_line_awards` (
  `award_id` int(11) NOT NULL,
  `requisition_line_id` int(11) NOT NULL,
  `quote_id` int(11) DEFAULT NULL,
  `supplier_id` int(11) NOT NULL,
  `awarded_qty` int(11) NOT NULL,
  `deferred_qty` int(11) DEFAULT 0,
  `deferred_reason` text DEFAULT NULL,
  `comptroller_status` enum('fully_approved','deferred','rejected') DEFAULT NULL,
  `awarded_by_user_id` int(11) NOT NULL,
  `awarded_at` datetime DEFAULT current_timestamp(),
  `created_at` datetime DEFAULT current_timestamp(),
  `updated_at` datetime DEFAULT current_timestamp() ON UPDATE current_timestamp()
) ENGINE=InnoDB DEFAULT CHARSET=utf8mb4 COLLATE=utf8mb4_unicode_ci;

--
-- Dumping data for table `requisition_line_awards`
--

INSERT INTO `requisition_line_awards` (`award_id`, `requisition_line_id`, `quote_id`, `supplier_id`, `awarded_qty`, `deferred_qty`, `deferred_reason`, `comptroller_status`, `awarded_by_user_id`, `awarded_at`, `created_at`, `updated_at`) VALUES
(1, 60, NULL, 1, 1, 0, NULL, 'fully_approved', 22, '2026-04-27 23:14:48', '2026-06-23 21:35:08', '2026-06-23 21:35:08'),
(2, 59, NULL, 4, 1, 0, NULL, 'fully_approved', 22, '2026-04-28 00:35:14', '2026-06-23 21:35:08', '2026-06-23 21:35:08'),
(3, 19, NULL, 3, 1, 0, NULL, 'fully_approved', 22, '2026-04-28 05:33:23', '2026-06-23 21:35:08', '2026-06-23 21:35:08'),
(4, 61, NULL, 3, 1, 0, NULL, 'fully_approved', 22, '2026-04-28 05:33:23', '2026-06-23 21:35:08', '2026-06-23 21:35:08'),
(5, 62, NULL, 4, 1, 0, NULL, 'fully_approved', 22, '2026-04-28 11:41:45', '2026-06-23 21:35:08', '2026-06-23 21:35:08'),
(6, 63, NULL, 1, 1, 0, NULL, 'fully_approved', 22, '2026-04-28 15:45:33', '2026-06-23 21:35:08', '2026-06-23 21:35:08'),
(7, 71, NULL, 1, 1, 0, NULL, 'fully_approved', 22, '2026-06-03 01:31:34', '2026-06-23 21:35:08', '2026-06-23 21:35:08'),
(8, 72, NULL, 1, 20, 10, 'Budget constraints', 'deferred', 22, '2026-06-03 04:05:12', '2026-06-23 21:35:08', '2026-06-23 21:35:08'),
(9, 73, NULL, 14, 10, 10, 'Stock availability issue', 'deferred', 22, '2026-06-03 08:35:28', '2026-06-23 21:35:08', '2026-06-23 21:35:08'),
(10, 74, NULL, 3, 1, 0, NULL, 'fully_approved', 22, '2026-06-06 21:41:08', '2026-06-23 21:35:08', '2026-06-23 21:35:08'),
(11, 75, NULL, 10, 10, 10, 'Policy limit reached', 'deferred', 22, '2026-06-06 21:59:18', '2026-06-23 21:35:08', '2026-06-23 21:35:08'),
(12, 76, NULL, 4, 10, 10, 'Budget constraints', 'deferred', 22, '2026-06-07 22:32:24', '2026-06-23 21:35:08', '2026-06-23 21:35:08'),
(13, 77, NULL, 1, 10, 10, 'Stock availability issue', 'deferred', 22, '2026-06-13 20:53:59', '2026-06-23 21:35:08', '2026-06-23 21:35:08'),
(14, 78, NULL, 1, 10, 10, 'Stock availability issue', 'deferred', 22, '2026-06-13 20:54:00', '2026-06-23 21:35:08', '2026-06-23 21:35:08'),
(15, 79, NULL, 3, 10, 10, 'Budget constraints', 'deferred', 22, '2026-06-13 23:24:02', '2026-06-23 21:35:08', '2026-06-23 21:35:08'),
(16, 80, NULL, 3, 1, 0, NULL, 'fully_approved', 22, '2026-06-15 14:11:15', '2026-06-23 21:35:08', '2026-06-23 21:35:08'),
(17, 54, NULL, 13, 1, 0, NULL, 'fully_approved', 22, '2026-06-15 15:34:45', '2026-06-23 21:35:08', '2026-06-23 21:35:08'),
(18, 81, NULL, 13, 1, 0, NULL, 'fully_approved', 22, '2026-06-15 15:34:45', '2026-06-23 21:35:08', '2026-06-23 21:35:08'),
(19, 82, NULL, 20, 1, 0, NULL, 'fully_approved', 22, '2026-06-17 20:08:14', '2026-06-23 21:35:08', '2026-06-23 21:35:08'),
(20, 83, NULL, 8, 1, 0, NULL, 'fully_approved', 22, '2026-06-18 14:24:08', '2026-06-23 21:35:08', '2026-06-23 21:35:08'),
(21, 84, NULL, 20, 20, 20, 'wala nay kwarta', 'deferred', 22, '2026-06-18 18:08:49', '2026-06-23 21:35:08', '2026-06-23 21:35:08');

-- --------------------------------------------------------

--
-- Table structure for table `requisition_line_quotes`
--

CREATE TABLE `requisition_line_quotes` (
  `quote_id` int(11) NOT NULL,
  `requisition_line_id` int(11) NOT NULL,
  `supplier_id` int(11) NOT NULL,
  `quoted_unit_price` decimal(12,2) NOT NULL,
  `quote_type` enum('preferred','canvassed') NOT NULL DEFAULT 'canvassed',
  `submitted_by_user_id` int(11) DEFAULT NULL,
  `benefits` text DEFAULT NULL,
  `quote_photo` varchar(255) DEFAULT NULL,
  `created_at` datetime DEFAULT current_timestamp(),
  `updated_at` datetime DEFAULT current_timestamp() ON UPDATE current_timestamp()
) ENGINE=InnoDB DEFAULT CHARSET=utf8mb4 COLLATE=utf8mb4_unicode_ci;

--
-- Dumping data for table `requisition_line_quotes`
--

INSERT INTO `requisition_line_quotes` (`quote_id`, `requisition_line_id`, `supplier_id`, `quoted_unit_price`, `quote_type`, `submitted_by_user_id`, `benefits`, `quote_photo`, `created_at`, `updated_at`) VALUES
(1, 58, 3, 123154.00, 'canvassed', NULL, NULL, NULL, '2026-06-23 21:17:43', '2026-06-23 21:17:43'),
(2, 60, 1, 2000.00, 'canvassed', NULL, NULL, NULL, '2026-06-23 21:17:43', '2026-06-23 21:17:43'),
(3, 60, 3, 2300.00, 'canvassed', NULL, NULL, NULL, '2026-06-23 21:17:43', '2026-06-23 21:17:43'),
(4, 60, 4, 2100.00, 'canvassed', NULL, NULL, NULL, '2026-06-23 21:17:43', '2026-06-23 21:17:43'),
(5, 59, 1, 132123123.00, 'canvassed', NULL, NULL, NULL, '2026-06-23 21:17:43', '2026-06-23 21:17:43'),
(6, 59, 4, 5000.00, 'canvassed', NULL, NULL, NULL, '2026-06-23 21:17:43', '2026-06-23 21:17:43'),
(7, 19, 1, 3000.00, 'canvassed', NULL, NULL, NULL, '2026-06-23 21:17:43', '2026-06-23 21:17:43'),
(8, 19, 3, 2000.00, 'canvassed', NULL, NULL, NULL, '2026-06-23 21:17:43', '2026-06-23 21:17:43'),
(9, 19, 4, 2500.00, 'canvassed', NULL, NULL, NULL, '2026-06-23 21:17:43', '2026-06-23 21:17:43'),
(10, 61, 1, 3000.00, 'canvassed', NULL, NULL, NULL, '2026-06-23 21:17:43', '2026-06-23 21:17:43'),
(11, 61, 3, 2000.00, 'canvassed', NULL, NULL, NULL, '2026-06-23 21:17:43', '2026-06-23 21:17:43'),
(12, 61, 4, 2500.00, 'canvassed', NULL, NULL, NULL, '2026-06-23 21:17:43', '2026-06-23 21:17:43'),
(13, 62, 1, 5000.00, 'canvassed', NULL, NULL, NULL, '2026-06-23 21:17:43', '2026-06-23 21:17:43'),
(14, 62, 3, 4500.00, 'canvassed', NULL, NULL, NULL, '2026-06-23 21:17:43', '2026-06-23 21:17:43'),
(15, 62, 4, 4000.00, 'canvassed', NULL, NULL, NULL, '2026-06-23 21:17:43', '2026-06-23 21:17:43'),
(16, 63, 1, 1500.00, 'canvassed', NULL, NULL, NULL, '2026-06-23 21:17:43', '2026-06-23 21:17:43'),
(17, 63, 3, 2000.00, 'canvassed', NULL, NULL, NULL, '2026-06-23 21:17:43', '2026-06-23 21:17:43'),
(18, 64, 4, 3000.00, 'canvassed', NULL, NULL, NULL, '2026-06-23 21:17:43', '2026-06-23 21:17:43'),
(19, 71, 1, 300.00, 'canvassed', NULL, NULL, NULL, '2026-06-23 21:17:43', '2026-06-23 21:17:43'),
(20, 71, 4, 120.00, 'canvassed', NULL, NULL, NULL, '2026-06-23 21:17:43', '2026-06-23 21:17:43'),
(21, 72, 1, 1500.00, 'canvassed', NULL, NULL, NULL, '2026-06-23 21:17:43', '2026-06-23 21:17:43'),
(22, 73, 1, 1200.00, 'canvassed', NULL, NULL, NULL, '2026-06-23 21:17:43', '2026-06-23 21:17:43'),
(23, 74, 3, 1200.00, 'canvassed', NULL, 'naay 1 week warranty', NULL, '2026-06-23 21:17:43', '2026-06-23 21:17:43'),
(24, 75, 10, 3500.00, 'canvassed', NULL, NULL, NULL, '2026-06-23 21:17:43', '2026-06-23 21:17:43'),
(25, 76, 4, 2000.00, 'canvassed', NULL, 'naay warranty', NULL, '2026-06-23 21:17:43', '2026-06-23 21:17:43'),
(26, 76, 7, 5000.00, 'canvassed', NULL, NULL, NULL, '2026-06-23 21:17:43', '2026-06-23 21:17:43'),
(27, 76, 14, 4500.00, 'canvassed', NULL, NULL, NULL, '2026-06-23 21:17:43', '2026-06-23 21:17:43'),
(28, 77, 4, 1200.00, 'canvassed', NULL, NULL, NULL, '2026-06-23 21:17:43', '2026-06-23 21:17:43'),
(29, 77, 11, 1300.00, 'canvassed', NULL, NULL, NULL, '2026-06-23 21:17:43', '2026-06-23 21:17:43'),
(30, 78, 4, 1199.98, 'canvassed', NULL, NULL, NULL, '2026-06-23 21:17:43', '2026-06-23 21:17:43'),
(31, 78, 11, 1200.00, 'canvassed', NULL, NULL, NULL, '2026-06-23 21:17:43', '2026-06-23 21:17:43'),
(32, 79, 3, 1500.00, 'canvassed', NULL, NULL, NULL, '2026-06-23 21:17:43', '2026-06-23 21:17:43'),
(33, 80, 1, 1500.00, 'canvassed', NULL, NULL, NULL, '2026-06-23 21:17:43', '2026-06-23 21:17:43'),
(34, 80, 3, 1300.00, 'canvassed', NULL, NULL, NULL, '2026-06-23 21:17:43', '2026-06-23 21:17:43'),
(35, 80, 13, 1500.00, 'canvassed', NULL, NULL, NULL, '2026-06-23 21:17:43', '2026-06-23 21:17:43'),
(36, 54, 8, 23000.00, 'canvassed', NULL, NULL, NULL, '2026-06-23 21:17:43', '2026-06-23 21:17:43'),
(37, 54, 13, 22000.00, 'canvassed', NULL, NULL, NULL, '2026-06-23 21:17:43', '2026-06-23 21:17:43'),
(38, 81, 8, 23000.00, 'canvassed', NULL, NULL, NULL, '2026-06-23 21:17:43', '2026-06-23 21:17:43'),
(39, 81, 13, 22000.00, 'canvassed', NULL, NULL, NULL, '2026-06-23 21:17:43', '2026-06-23 21:17:43'),
(40, 82, 1, 1200.00, 'canvassed', NULL, NULL, NULL, '2026-06-23 21:17:43', '2026-06-23 21:17:43'),
(41, 83, 8, 1400.00, 'canvassed', NULL, NULL, NULL, '2026-06-23 21:17:43', '2026-06-23 21:17:43'),
(42, 83, 20, 1200.00, 'canvassed', NULL, NULL, NULL, '2026-06-23 21:17:43', '2026-06-23 21:17:43'),
(43, 84, 11, 1300.00, 'canvassed', NULL, 'Naay warranty', NULL, '2026-06-23 21:17:43', '2026-06-23 21:17:43'),
(44, 84, 20, 1300.00, 'canvassed', NULL, NULL, NULL, '2026-06-23 21:17:43', '2026-06-23 21:17:43');

-- --------------------------------------------------------

--
-- Table structure for table `requisition_preferred_supplier_item`
--

CREATE TABLE `requisition_preferred_supplier_item` (
  `preferred_supplier_item_id` int(11) NOT NULL,
  `request_id` int(11) NOT NULL,
  `supplier_id` int(11) NOT NULL,
  `sort_order` int(11) NOT NULL DEFAULT 0,
  `price` decimal(12,2) DEFAULT NULL,
  `quote_photo` varchar(255) DEFAULT NULL,
  `created_at` datetime DEFAULT current_timestamp()
) ENGINE=InnoDB DEFAULT CHARSET=utf8mb4 COLLATE=utf8mb4_general_ci;

--
-- Dumping data for table `requisition_preferred_supplier_item`
--

INSERT INTO `requisition_preferred_supplier_item` (`preferred_supplier_item_id`, `request_id`, `supplier_id`, `sort_order`, `price`, `quote_photo`, `created_at`) VALUES
(3, 24, 1, 0, 100.00, 'uploads/canvass_quotes/quote_20260602_161650_99e28b6b.png', '2026-06-16 22:06:26'),
(4, 24, 1, 1, 100.00, NULL, '2026-06-16 22:06:26'),
(5, 25, 11, 0, 2500.00, NULL, '2026-06-16 22:06:26'),
(6, 25, 11, 1, 1000.00, 'uploads/canvass_quotes/quote_20260602_214050_fd788495.jpg', '2026-06-16 22:06:26'),
(7, 25, 11, 2, 3000.00, NULL, '2026-06-16 22:06:26'),
(8, 25, 11, 3, 700.00, NULL, '2026-06-16 22:06:26'),
(9, 25, 13, 0, 2500.00, NULL, '2026-06-16 22:06:26'),
(10, 25, 13, 1, 1000.00, NULL, '2026-06-16 22:06:26'),
(11, 25, 13, 2, 2300.00, NULL, '2026-06-16 22:06:26'),
(12, 25, 13, 3, 600.00, NULL, '2026-06-16 22:06:26'),
(13, 26, 14, 0, 1200.00, 'uploads/canvass_quotes/quote_20260603_022717_3db3e998.png', '2026-06-16 22:06:26'),
(14, 26, 14, 1, 1000.00, NULL, '2026-06-16 22:06:26'),
(15, 27, 1, 0, 1200.00, NULL, '2026-06-16 22:06:26'),
(16, 27, 1, 1, 1200.00, NULL, '2026-06-16 22:06:26'),
(17, 28, 1, 0, 5000.00, NULL, '2026-06-16 22:06:26'),
(18, 28, 1, 1, 2500.00, NULL, '2026-06-16 22:06:26'),
(19, 28, 3, 0, 4500.00, NULL, '2026-06-16 22:06:26'),
(20, 28, 3, 1, 2000.00, NULL, '2026-06-16 22:06:26'),
(21, 29, 1, 0, 1500.00, NULL, '2026-06-16 22:06:26'),
(22, 29, 1, 1, 1200.00, NULL, '2026-06-16 22:06:26'),
(23, 29, 3, 0, 1500.00, NULL, '2026-06-16 22:06:26'),
(24, 29, 3, 1, 1200.00, NULL, '2026-06-16 22:06:26'),
(25, 29, 9, 0, 2500.00, NULL, '2026-06-16 22:06:26'),
(26, 29, 9, 1, 1500.00, NULL, '2026-06-16 22:06:26'),
(27, 31, 1, 0, 1200.00, NULL, '2026-06-16 22:06:26'),
(29, 31, 1, 1, 1500.00, NULL, '2026-06-16 22:06:26'),
(37, 31, 3, 0, 1300.00, NULL, '2026-06-16 22:06:26'),
(46, 31, 9, 2, 1200.00, NULL, '2026-06-16 22:06:26'),
(84, 31, 3, 1, 1200.00, NULL, '2026-06-16 22:06:26'),
(111, 32, 1, 0, 1200.00, 'uploads/canvass_quotes/quote_20260613_172155_209ed7f8.jpg', '2026-06-16 22:06:26'),
(113, 32, 1, 1, 1500.00, 'uploads/canvass_quotes/quote_20260613_172200_4b6da7da.png', '2026-06-16 22:06:26'),
(138, 33, 11, 0, 1200.00, NULL, '2026-06-16 22:06:26'),
(155, 34, 1, 0, 35000.00, NULL, '2026-06-16 22:06:26'),
(172, 35, 20, 0, 1200.00, NULL, '2026-06-16 22:17:29'),
(184, 36, 21, 0, 1200.00, NULL, '2026-06-18 00:02:08'),
(186, 36, 21, 1, 1200.00, NULL, '2026-06-18 00:02:11'),
(189, 36, 21, 2, 1200.00, NULL, '2026-06-18 00:02:16'),
(191, 36, 4, 0, 1200.00, NULL, '2026-06-18 00:02:25'),
(196, 36, 4, 1, 1200.00, NULL, '2026-06-18 00:02:28'),
(202, 36, 4, 2, 1200.00, NULL, '2026-06-18 00:02:35'),
(214, 36, 1, 0, 1200.00, NULL, '2026-06-18 00:03:04'),
(222, 36, 1, 1, 1200.00, NULL, '2026-06-18 00:03:07'),
(231, 36, 1, 2, 1200.00, NULL, '2026-06-18 00:03:11'),
(338, 37, 22, 0, 1200.00, NULL, '2026-06-18 17:59:55'),
(340, 37, 22, 1, 1200.00, NULL, '2026-06-18 18:00:10'),
(343, 37, 22, 2, 1500.00, NULL, '2026-06-18 18:00:17'),
(345, 37, 1, 0, 1200.00, NULL, '2026-06-18 18:01:13'),
(350, 37, 1, 1, 1500.00, NULL, '2026-06-18 18:01:14'),
(356, 37, 1, 2, 1100.00, NULL, '2026-06-18 18:01:16');

-- --------------------------------------------------------

--
-- Table structure for table `suppliers`
--

CREATE TABLE `suppliers` (
  `supplier_id` int(11) NOT NULL,
  `supplier_name` varchar(100) NOT NULL,
  `contact_person` varchar(100) DEFAULT NULL,
  `phone_number` varchar(20) DEFAULT NULL,
  `email` varchar(100) DEFAULT NULL,
  `address` text DEFAULT NULL,
  `city` varchar(50) DEFAULT NULL,
  `country` varchar(50) DEFAULT NULL,
  `postal_code` varchar(20) DEFAULT NULL,
  `tin` varchar(20) DEFAULT NULL,
  `date_added` timestamp NOT NULL DEFAULT current_timestamp(),
  `status` varchar(20) DEFAULT 'Active',
  `supplier_image` varchar(100) DEFAULT NULL,
  `shop_url` varchar(255) DEFAULT NULL,
  `is_preferred` tinyint(1) NOT NULL DEFAULT 0,
  `preferred_request_id` int(11) DEFAULT NULL
) ENGINE=InnoDB DEFAULT CHARSET=utf8mb4 COLLATE=utf8mb4_general_ci;

--
-- Dumping data for table `suppliers`
--

INSERT INTO `suppliers` (`supplier_id`, `supplier_name`, `contact_person`, `phone_number`, `email`, `address`, `city`, `country`, `postal_code`, `tin`, `date_added`, `status`, `supplier_image`, `shop_url`, `is_preferred`, `preferred_request_id`) VALUES
(1, 'KimWatches Shop', 'John Doe', '09994895132', 'john.doe@gmail.com', 'St.Avenue, Ormoc City', 'Ormoc City', 'Philippines', '6541', '123-123-123-123', '2026-03-10 03:15:39', 'Active', 'uploads/suppliers/1776736140_157688af99_finished-red-gear-computers-outline1.jpg', NULL, 0, NULL),
(3, 'SonJingWoo Shop', 'Elisa Doe', '0912346589', 'sample@gmail.com', 'asdasd', 'Ormoc City', 'Philippines', '6541', NULL, '2026-04-01 02:06:45', 'Active', 'uploads/suppliers/1776736107_6e3aff5ee6_images.png', NULL, 0, NULL),
(4, 'RS SHOP', 'John Wick', '0923 231 3213', 'john.wick@gmail.com', 'A. real St.', 'Ormoc City', 'Philippines', '6541', '123-123-123-123', '2026-04-20 15:27:38', 'Active', 'uploads/suppliers/1776736175_9ce44a6330_images (1).png', NULL, 0, NULL),
(7, 'rex shop', NULL, NULL, NULL, NULL, NULL, NULL, NULL, NULL, '2026-05-12 12:38:02', 'Active', NULL, NULL, 1, 17),
(8, 'Shoppee', 'asd', '09123789421', 'asdasd', NULL, NULL, NULL, NULL, NULL, '2026-05-21 14:02:35', 'Active', NULL, NULL, 0, NULL),
(9, 'asda', 'asda', '09123789421', 'asdasd', NULL, NULL, NULL, NULL, '123-123-123-123', '2026-05-21 14:04:10', 'Active', NULL, NULL, 0, NULL),
(10, 'asdasd', 'as', 'asdasd', NULL, NULL, NULL, NULL, NULL, '123-123-123-123', '2026-05-21 16:25:30', 'Active', NULL, NULL, 0, NULL),
(11, 'kani nga shop sample', NULL, NULL, NULL, NULL, NULL, NULL, NULL, NULL, '2026-06-02 13:36:11', 'Active', NULL, NULL, 0, NULL),
(13, 'Supplier', NULL, NULL, NULL, NULL, NULL, NULL, NULL, NULL, '2026-06-02 19:38:28', 'Active', NULL, NULL, 1, 25),
(14, 'Shoppee OnlineShop', 'Johnny Bravo', '09867453648', '', 'SampleLocation', 'Ormoc City', 'Australia', '7231', NULL, '2026-06-03 00:25:57', 'Active', NULL, NULL, 1, 26),
(18, 'sample', NULL, NULL, NULL, NULL, NULL, NULL, NULL, NULL, '2026-06-16 14:02:01', 'Active', NULL, NULL, 1, 35),
(20, 'ABT shop', 'rex', '09994895132', 'abt@gmail.com', 'Ormoc City', 'Ormoc City', 'Philippines', '6541', NULL, '2026-06-16 14:06:43', 'Active', NULL, NULL, 1, 35),
(21, 'Sunny', 'Kaya', NULL, NULL, NULL, NULL, NULL, NULL, NULL, '2026-06-17 16:02:03', 'Active', NULL, NULL, 1, 36),
(22, 'shopee', NULL, NULL, NULL, NULL, NULL, NULL, NULL, NULL, '2026-06-18 09:59:49', 'Active', NULL, NULL, 1, 37);

-- --------------------------------------------------------

--
-- Table structure for table `units`
--

CREATE TABLE `units` (
  `unit_id` int(11) NOT NULL,
  `unit_name` varchar(50) NOT NULL,
  `unit_abbreviation` varchar(20) NOT NULL,
  `unit_description` varchar(50) DEFAULT NULL,
  `created_at` timestamp NOT NULL DEFAULT current_timestamp(),
  `updated_at` timestamp NULL DEFAULT NULL
) ENGINE=InnoDB DEFAULT CHARSET=utf8mb4 COLLATE=utf8mb4_general_ci;

-- --------------------------------------------------------

--
-- Table structure for table `user`
--

CREATE TABLE `user` (
  `user_id` int(11) NOT NULL,
  `Email` varchar(191) NOT NULL COMMENT 'Login email (kept as Email for backward compatibility)',
  `password` varchar(255) NOT NULL COMMENT 'Store hashed password (bcrypt/argon2)',
  `role` enum('Inventory Manager','Dean','Laboratory Manager','Comptroller','President','Employee','User','GSD officer','Department') NOT NULL DEFAULT 'User',
  `failed_attempts` tinyint(3) UNSIGNED NOT NULL DEFAULT 0 COMMENT 'Failed login counter',
  `lock_time` datetime DEFAULT NULL COMMENT 'When account lock was triggered',
  `created_at` datetime NOT NULL DEFAULT current_timestamp() COMMENT 'Record creation timestamp',
  `updated_at` datetime NOT NULL DEFAULT current_timestamp() ON UPDATE current_timestamp() COMMENT 'Last profile/account update',
  `deleted_at` datetime DEFAULT NULL COMMENT 'Soft-delete timestamp',
  `office_id` int(11) DEFAULT NULL,
  `photo_url` varchar(500) DEFAULT NULL COMMENT 'Profile photo URL/path',
  `full_name` varchar(150) DEFAULT NULL COMMENT 'User full name for profile/UI',
  `abbreviation` varchar(20) DEFAULT NULL,
  `contact_number` varchar(20) DEFAULT NULL COMMENT 'Mobile/telephone number',
  `has_consented` tinyint(1) NOT NULL DEFAULT 0 COMMENT 'Accepted Privacy Notice + T&C',
  `consent_version` varchar(10) DEFAULT NULL COMMENT 'Policy version accepted (e.g., 2026-01)',
  `consent_date` datetime DEFAULT NULL COMMENT 'When consent was given',
  `last_login` datetime DEFAULT NULL COMMENT 'Most recent successful login',
  `account_status` enum('active','disabled','locked') NOT NULL DEFAULT 'active' COMMENT 'Account lifecycle state',
  `password_updated_at` datetime DEFAULT NULL COMMENT 'Last password change date',
  `remember_token` varchar(255) DEFAULT NULL COMMENT 'Persistent-login/session token hash',
  `department_type` enum('Administrative','Academic','Executive','') DEFAULT NULL
) ENGINE=InnoDB DEFAULT CHARSET=utf8mb4 COLLATE=utf8mb4_general_ci;

--
-- Dumping data for table `user`
--

INSERT INTO `user` (`user_id`, `Email`, `password`, `role`, `failed_attempts`, `lock_time`, `created_at`, `updated_at`, `deleted_at`, `office_id`, `photo_url`, `full_name`, `abbreviation`, `contact_number`, `has_consented`, `consent_version`, `consent_date`, `last_login`, `account_status`, `password_updated_at`, `remember_token`, `department_type`) VALUES
(16, 'jhaye.rebojo@gmail.com', '$2y$10$6S2bbndd6VSX2I8..8tfPOdG.rXH87t86pZ33n.PlS.9xOuvfUEP.', 'Inventory Manager', 0, NULL, '2026-01-27 08:23:28', '2026-06-22 21:32:02', NULL, 3, 'uploads/users/user_1769646426_69ff5826.jpg', 'Jhaye Rebojo', NULL, '09487238974', 1, 'v1.0', '2026-04-29 18:54:40', '2026-06-22 21:32:02', 'active', '2026-04-29 18:54:04', 'e2f71441f570ecb4d48b955ec144bee56510407c80d6e090beb5b3eea1f2eab1', 'Administrative'),
(18, 'Dean@gmail.com', '$2y$10$de9xTXdI4V9TjXs1zcaxU.dLyI1nhPDcZYvb.gO6bwvuK33sQqA2m', 'Dean', 0, NULL, '2026-03-12 13:00:28', '2026-06-18 10:28:33', '2026-06-18 10:28:33', 1, 'uploads/users/user_1773291737_2041b63c.webp', 'Cherryle Tarre', NULL, '0912345678', 1, 'v1.0', '2026-04-29 21:15:48', '2026-06-16 20:45:44', 'disabled', '2026-04-29 19:06:03', NULL, 'Academic'),
(19, 'LabManager@gmail.com', '$2y$10$Yoo3PFRNkhJHtC6cVOIeTesRhbrNz0D3/ow/p6dJAALnZN62542jy', 'Employee', 0, NULL, '2026-04-01 08:25:53', '2026-06-16 17:33:28', '2026-04-30 10:42:39', 1, 'uploads/users/user_1775003153_ed2ae0c8.jpg', NULL, NULL, NULL, 1, 'v1.0', '2026-04-30 10:40:56', '2026-04-30 10:40:56', 'disabled', '2026-04-30 10:40:56', NULL, NULL),
(21, 'comptroller@gmail.com', '$2y$10$bADuUY9i75Aixo8e0pQHbu25SwQTWVMTJ.9fLXeYrwP/vsnlCfFVK', 'Comptroller', 0, NULL, '2026-04-10 18:49:51', '2026-06-18 18:19:29', NULL, 3, 'uploads/users/user_1775905526_09b52d68.webp', 'Comptroller Officer', NULL, '09884782378', 1, 'v1.0', '2026-05-24 18:29:51', '2026-06-18 18:15:08', 'active', '2026-05-24 18:29:51', NULL, NULL),
(22, 'gsd@gmail.com', '$2y$10$xk9JZ1BHhzZFVyXT6B9Lm.COpz/QniIWe/5seI.eKcZ6ICI/HV.6S', 'GSD officer', 0, NULL, '2026-04-11 19:02:37', '2026-06-18 18:09:11', NULL, 6, 'uploads/users/user_1775905479_73855861.jpg', 'GSD Officer', NULL, '09478293748', 1, 'v1.0', '2026-05-12 20:40:22', '2026-06-18 18:08:26', 'active', '2026-05-12 20:40:22', NULL, NULL),
(24, 'president@gmail.com', '$2y$10$kPwEUKoqoaEcuKRSPY/3K.EHb/yeADkWZIzKyjLK6O8q3yb0buN7i', 'President', 0, NULL, '2026-04-12 19:20:52', '2026-06-18 18:15:02', NULL, 3, 'uploads/users/user_1775992852_6dc238e8.jpg', 'President WLC', NULL, '09873897823', 1, 'v1.0', '2026-05-24 18:30:25', '2026-06-18 18:13:32', 'active', '2026-05-24 18:31:05', NULL, NULL),
(26, 'canvasser@gmail.com', '$2y$10$66VNWUQLv3ECCWrWHTki6.Wy8II02NyrxiXJWv.atpi1ClkQGhYLW', 'Employee', 0, NULL, '2026-04-17 12:01:37', '2026-06-18 18:08:18', NULL, 6, NULL, 'Canvasser Officer', NULL, '09783748237', 1, 'v1.0', '2026-04-29 19:26:01', '2026-06-18 18:05:21', 'active', '2026-04-29 19:26:01', NULL, NULL),
(27, 'rex@gmail.com', '$2y$10$T3rnvyoMJcVnIAGOkMDwQe0QzrNGepC9zsChtwpHRz3NiaeD2.GIO', 'Employee', 0, NULL, '2026-04-20 23:18:17', '2026-06-16 17:34:13', '2026-04-30 10:47:36', 6, NULL, NULL, NULL, NULL, 1, 'v1.0', '2026-04-29 19:29:15', '2026-04-29 19:29:15', 'disabled', '2026-04-29 19:29:15', NULL, NULL),
(32, 'cicte_department', '$2y$10$neGSXBZ35hZgVO/ZY6JtDenOw./w0PXpCdfSQoRRYL18gyz9Sr2du', 'User', 0, NULL, '2026-06-13 09:44:30', '2026-06-22 21:31:56', NULL, 1, NULL, 'College of Information Communications Technology and Engineering', 'CICTE', NULL, 1, 'v1.0', '2026-06-13 10:24:19', '2026-06-22 21:11:17', 'active', NULL, NULL, 'Academic'),
(33, 'conahs_department', '$2y$10$FMKAYSLnN6Z22FguGFx/z.4cXY68cbE2ckniC2iY2WcfhrWRmoqFC', 'User', 0, NULL, '2026-06-13 12:02:42', '2026-06-17 20:42:31', NULL, 2, NULL, 'College of Nursing and Allied Health Sciences', 'CONAHS', NULL, 1, 'v1.0', '2026-06-13 12:03:06', '2026-06-17 20:20:01', 'active', NULL, NULL, 'Academic'),
(37, 'inventory_office', '$2y$10$nxSTkR23atkrH9/bEKKWBezPHIyZs3d3vprXwlH9KgVS5NzCxk48.', 'User', 0, NULL, '2026-06-18 10:15:48', '2026-06-18 11:59:09', NULL, 3, NULL, 'Inventory Office', 'INVENTORY', NULL, 1, 'v1.0', '2026-06-18 11:57:58', '2026-06-18 11:57:58', 'active', '2026-06-18 10:15:48', NULL, 'Administrative'),
(38, 'inventory@gmail.com', '$2y$10$UA6OqHRuRck557JJufPwH.8hhNwK7OSg9G6BJJhgXYx3Fp7s11TPe', 'Inventory Manager', 0, NULL, '2026-06-18 11:32:07', '2026-06-18 11:34:27', NULL, 3, NULL, 'rex melo', NULL, '09123456789', 1, 'v1.0', '2026-06-18 11:32:34', '2026-06-18 11:34:19', 'active', '2026-06-18 11:32:07', NULL, NULL),
(39, 'coab_department', '$2y$10$C1aXh4M5kZwBBIbZVQ8pGe4BkDkXXdWRfidiFw9ZVHGrJbyLFAuX2', 'User', 0, NULL, '2026-06-22 09:48:51', '2026-06-22 09:50:31', NULL, 5, NULL, 'College of Accountancy and Business', 'COAB', NULL, 1, 'v1.0', '2026-06-22 09:49:20', '2026-06-22 09:49:20', 'active', '2026-06-22 09:48:51', NULL, 'Academic');

-- --------------------------------------------------------

--
-- Table structure for table `user_activity`
--

CREATE TABLE `user_activity` (
  `activity_id` int(11) NOT NULL,
  `user_id` int(11) NOT NULL,
  `activity_type` varchar(50) NOT NULL,
  `description` text DEFAULT NULL,
  `created_at` datetime DEFAULT current_timestamp()
) ENGINE=InnoDB DEFAULT CHARSET=utf8mb4 COLLATE=utf8mb4_general_ci;

--
-- Dumping data for table `user_activity`
--

INSERT INTO `user_activity` (`activity_id`, `user_id`, `activity_type`, `description`, `created_at`) VALUES
(183, 16, 'Add Department', 'Added department: CONAHS', '2026-01-29 08:09:38'),
(184, 16, 'Add Facility', 'Added facility in dept 1: Nursing Buiding / ', '2026-01-29 08:18:56'),
(185, 16, 'Edit User', 'Updated user (jhaye.rebojo@gmail.com) → Email/Role/Department/Photo changed.', '2026-01-29 08:24:52'),
(186, 16, 'Edit User', 'Updated user (jhaye.rebojo@gmail.com) → Email/Role/Department/Photo changed.', '2026-01-29 08:27:06'),
(187, 16, 'Add Department', 'Added department: Inventory Office', '2026-01-29 08:27:40'),
(188, 16, 'Edit User', 'Updated user (jhaye.rebojo@gmail.com) → Email/Role/Department/Photo changed.', '2026-01-29 08:27:48'),
(189, 16, 'Add Department', 'Added department: CICTE', '2026-01-29 08:27:58'),
(190, 16, 'Delete Department', 'Deleted department: CICTE', '2026-01-29 08:28:07'),
(191, 16, 'Edit Facility', 'Updated facility: Nursing Buiding ', '2026-01-29 08:36:17'),
(192, 16, 'Add Facility', 'Added facility in dept 1: WLC Main Buiding / ', '2026-01-29 08:36:44'),
(193, 16, 'Edit Facility', 'Updated facility: WLC Main Buiding ', '2026-01-29 08:36:49'),
(194, 16, 'Add Facility', 'Added facility in dept 2: Nursing Buiding / ', '2026-01-29 08:37:02'),
(195, 16, 'Add Facility', 'Added facility in dept 2: Nursing Buiding / Room 1', '2026-01-29 08:37:58'),
(196, 16, 'Add Item', 'Added item: table', '2026-02-03 08:07:53'),
(197, 16, 'Add Facility', 'Added facility in dept 2: Nursing Buiding / ', '2026-02-03 08:09:03'),
(198, 16, 'Add Facility', 'Added facility in dept 1: WLC Main Buiding / ', '2026-02-03 08:21:27'),
(199, 16, 'Add User', 'Created new user: rex11840@gmail.com', '2026-02-03 08:24:19'),
(200, 16, 'Edit User', 'Updated user (rex11840@gmail.com) → Email/Password/Role/Department/Photo changed.', '2026-02-03 08:24:28'),
(201, 16, 'Edit User', 'Updated user (rex11840@gmail.com) → Email/Password/Role/Department/Photo changed.', '2026-02-03 08:24:32'),
(202, 16, 'Add Inventory', 'Added inventory: Table with quantity: 1', '2026-02-03 08:39:03'),
(203, 16, 'Add Component', 'Added component to inventory: 30', '2026-02-03 08:39:32'),
(204, 16, 'Edit Inventory', 'Updated inventory: Table', '2026-02-03 08:39:34'),
(205, 16, 'Add Inventory', 'Added inventory: Table with quantity: 1', '2026-02-03 08:44:15'),
(206, 16, 'Edit Inventory', 'Updated inventory: Table', '2026-02-05 15:12:31'),
(207, 16, 'Delete Component', 'Deleted component: 50', '2026-02-05 15:12:31'),
(208, 16, 'Add Item', 'Added item: RAM', '2026-02-05 15:33:31'),
(209, 16, 'Edit Item', 'Updated item: RAM → RAM', '2026-02-05 15:33:40'),
(210, 16, 'Add Inventory', 'Added inventory: System Unit with quantity: 1', '2026-02-05 15:44:00'),
(211, 16, 'Add Department', 'Added department: COAB', '2026-02-06 10:03:52'),
(212, 16, 'Edit Facility', 'Updated facility: WLC Main Buiding ', '2026-02-12 09:54:31'),
(213, 16, 'Edit Facility', 'Updated facility: WLC Main Buiding ', '2026-02-12 09:54:48'),
(214, 16, 'Edit Facility', 'Updated facility: WLC Main Buiding ', '2026-02-12 09:54:56'),
(215, 16, 'Delete Inventory', 'Deleted inventory item', '2026-02-12 10:13:46'),
(216, 16, 'Add Inventory', 'Added inventory: Table with quantity: 1', '2026-02-12 10:19:28'),
(217, 16, 'Delete Inventory', 'Deleted inventory item', '2026-02-12 10:21:42'),
(218, 16, 'Add Inventory', 'Added inventory: Table with quantity: 1', '2026-02-12 10:22:02'),
(219, 16, 'Delete Inventory', 'Deleted inventory item', '2026-02-12 10:24:51'),
(220, 16, 'Add Inventory', 'Added inventory: Table with quantity: 1', '2026-02-12 10:25:11'),
(221, 16, 'Add Inventory', 'Added inventory: System Unit with quantity: 1', '2026-02-12 10:36:00'),
(222, 16, 'Add Item', 'Added item: SSD', '2026-02-12 10:36:18'),
(223, 16, 'Add Component', 'Added component to inventory: 36', '2026-02-12 10:36:33'),
(224, 16, 'Edit Inventory', 'Updated inventory: System Unit', '2026-02-26 19:12:03'),
(225, 16, 'Delete Component', 'Deleted component: 51', '2026-02-26 19:12:03'),
(226, 16, 'Add Inventory', 'Added inventory: Computer Set 1 with quantity: 1', '2026-02-26 19:12:41'),
(227, 16, 'Add Supplier', 'Added supplier: KimWatches Shop', '2026-03-10 11:15:39'),
(228, 16, 'Add Supplier', 'Added supplier: SonJingWoo Shop', '2026-03-10 11:45:30'),
(229, 16, 'Edit Supplier', 'Updated supplier: SonJingWoo Shop → SonJingWoo Shop', '2026-03-10 11:51:45'),
(230, 16, 'Edit Supplier', 'Updated supplier: KimWatches Shop → KimWatches Shop', '2026-03-10 11:51:59'),
(231, 16, 'Delete Supplier', 'Deleted supplier: SonJingWoo Shop', '2026-03-10 11:57:34'),
(232, 16, 'Edit Supplier', 'Updated supplier: KimWatches Shop → KimWatches Shop', '2026-03-10 12:34:05'),
(233, 16, 'Edit Supplier', 'Updated supplier: KimWatches Shop → KimWatches Shop', '2026-03-10 12:34:09'),
(234, 16, 'Edit User', 'Updated user (rex11840@gmail.com) → Email/Password/Role/Department/Photo changed.', '2026-03-12 12:58:47'),
(235, 16, 'Edit Inventory', 'Updated inventory: Computer Set 1', '2026-03-12 12:59:36'),
(236, 16, 'Add User', 'Created new user: sample1@gmail.com', '2026-03-12 13:00:28'),
(237, 16, 'Edit Inventory', 'Updated inventory: Computer Set 1', '2026-03-12 13:00:40'),
(238, 16, 'Edit Inventory', 'Updated inventory: System Unit', '2026-03-12 13:01:08'),
(239, 16, 'Edit Inventory', 'Updated inventory: Table', '2026-03-12 13:01:12'),
(240, 16, 'Edit Inventory', 'Updated inventory: System Unit', '2026-03-12 13:01:19'),
(241, 16, 'Edit Inventory', 'Updated inventory: Table', '2026-03-12 13:01:27'),
(242, 16, 'Delete User', 'Deleted user: rex11840@gmail.com', '2026-03-12 13:01:31'),
(243, 16, 'Edit User', 'Updated user (sample1@gmail.com) → Email/Role/Department/Photo changed.', '2026-03-12 13:02:07'),
(244, 16, 'Edit User', 'Updated user (sample1@gmail.com) → Email/Role/Department/Photo changed.', '2026-03-12 13:02:17'),
(245, 16, 'Edit User', 'Updated user (rex11840@gmail.com) → Email/Password/Role/Department/Photo changed.', '2026-03-22 21:57:56'),
(246, 16, 'Edit Inventory', 'Updated inventory: System Unit', '2026-03-29 20:18:40'),
(247, 18, 'Add Department User', 'Created new user: asdasd@gmail.com in their department', '2026-04-01 08:25:53'),
(248, 18, 'Edit Department User', 'Updated user (asdasd@gmail.com) → Email/Role/Photo changed.', '2026-04-01 08:30:09'),
(249, 18, 'Add Department User', 'Created new user: martin.martinez@gmail.com in their department', '2026-04-01 08:48:33'),
(250, 18, 'Delete Department User', 'Deleted user: martin.martinez@gmail.com from Account Management - CICTE', '2026-04-01 08:48:48'),
(251, 16, 'Delete Inventory', 'Deleted inventory item', '2026-04-01 09:53:05'),
(252, 16, 'Delete Inventory', 'Deleted inventory item', '2026-04-01 09:53:07'),
(253, 16, 'Delete Inventory', 'Deleted inventory item', '2026-04-01 09:53:09'),
(254, 16, 'Delete Inventory', 'Deleted inventory item', '2026-04-01 09:53:16'),
(255, 16, 'Delete Inventory', 'Deleted inventory item', '2026-04-01 09:53:22'),
(256, 16, 'Delete Item', 'Deleted item: table', '2026-04-01 09:53:46'),
(257, 16, 'Delete Item', 'Deleted item: RAM', '2026-04-01 09:53:48'),
(258, 16, 'Delete Item', 'Deleted item: SSD', '2026-04-01 09:53:49'),
(259, 16, 'Add Item', 'Added item: Laptop', '2026-04-01 10:04:07'),
(260, 16, 'Add Inventory', 'Added inventory: Laptop with quantity: 2', '2026-04-01 10:04:40'),
(261, 16, 'Add Component', 'Added component to inventory: 38', '2026-04-01 10:04:51'),
(262, 16, 'Edit Inventory', 'Updated inventory: Laptop', '2026-04-01 10:04:53'),
(263, 16, 'Add Item', 'Added item: RAM', '2026-04-01 10:06:13'),
(264, 16, 'Add Supplier', 'Added supplier: SonJingWoo Shop', '2026-04-01 10:06:45'),
(265, 16, 'Edit Item', 'Updated item: RAM → RAM', '2026-04-01 10:06:54'),
(266, 16, 'Add Component', 'Added component to inventory: 38', '2026-04-01 10:07:14'),
(267, 16, 'Edit Inventory', 'Updated inventory: Laptop', '2026-04-01 10:07:16'),
(268, 16, 'Delete Component', 'Deleted component: 53', '2026-04-01 10:07:16'),
(269, 16, 'Delete Component', 'Deleted component: 53', '2026-04-01 10:07:16'),
(270, 16, 'Edit Inventory', 'Updated inventory: Laptop', '2026-04-01 10:07:28'),
(271, 16, 'Edit Item', 'Updated item: RAM → RAM', '2026-04-01 20:14:34'),
(272, 16, 'Edit Item', 'Updated item: RAM → RAM', '2026-04-01 20:24:02'),
(273, 16, 'Edit Item', 'Updated item: RAM → RAM', '2026-04-01 20:24:15'),
(274, 16, 'Add User', 'Created new user: comptroller@gmail.com', '2026-04-10 18:49:51'),
(275, 16, 'Add User', 'Created new user: gsd@gmail.com', '2026-04-11 19:02:37'),
(276, 16, 'Edit User', 'Updated user (gsd@gmail.com) → Email/Password/Role/Department/Photo changed.', '2026-04-11 19:04:39'),
(277, 16, 'Edit User', 'Updated user (comptroller@gmail.com) → Email/Password/Role/Department/Photo changed.', '2026-04-11 19:04:51'),
(278, 16, 'Edit User', 'Updated user (comptroller@gmail.com) → Email/Role/Department/Photo changed.', '2026-04-11 19:05:26'),
(279, 16, 'Edit User', 'Updated user (gsd@gmail.com) → Email/Role/Department/Photo changed.', '2026-04-11 19:08:10'),
(280, 16, 'Edit User', 'Updated user (gsd@gmail.com) → Email/Role/Department/Photo changed.', '2026-04-11 19:08:13'),
(281, 16, 'Edit User', 'Updated user (comptroller@gmail.com) → Email/Role/Department/Photo changed.', '2026-04-11 19:08:19'),
(282, 16, 'Add User', 'Created new user: sample123@gmail.com', '2026-04-11 19:08:49'),
(283, 16, 'Delete User', 'Deleted user: sample123@gmail.com', '2026-04-11 19:09:19'),
(284, 16, 'Add User', 'Created new user: president@gmail.com', '2026-04-12 19:20:52'),
(285, 16, 'Add User', 'Created new user: canvasser@gmail.com', '2026-04-13 20:04:56'),
(286, 16, 'Add Department', 'Added department: GSD OFFICE', '2026-04-17 11:55:55'),
(287, 16, 'Delete User', 'Deleted user: canvasser@gmail.com', '2026-04-17 11:56:06'),
(288, 16, 'Edit User', 'Updated user (gsd@gmail.com) → Email/Role/Department/Photo changed.', '2026-04-17 11:56:15'),
(289, 22, 'Add Department User', 'Created new user: canvasser@gmail.com in their department', '2026-04-17 12:01:38'),
(290, 16, 'Edit User', 'Updated user (rex11840@gmail.com) → Email/Role/Department/Photo changed.', '2026-04-20 20:11:54'),
(291, 16, 'Add Department', 'Added department: COED', '2026-04-20 20:12:15'),
(292, 16, 'Add Facility', 'Added facility in dept 7: COAB Buildings / Room 1 (WLC-COED-01)', '2026-04-20 20:13:25'),
(293, 16, 'Edit User', 'Updated user (Sample@gmail.com) → Email/Role/Department/Photo changed.', '2026-04-20 20:16:15'),
(294, 16, 'Add Inventory', 'Added inventory: System Unit with quantity: 20', '2026-04-20 20:19:56'),
(295, 16, 'Edit Inventory', 'Updated inventory: System Unit', '2026-04-20 20:20:19'),
(296, 22, 'Add Department User', 'Created new user: rex@gmail.com in their department', '2026-04-20 23:18:17'),
(297, 16, 'Edit Item', 'Updated item: Laptop → Motherboard', '2026-04-21 09:37:35'),
(298, 16, 'Edit Item', 'Updated item: Motherboard → Motherboard', '2026-04-21 09:39:12'),
(299, 16, 'Edit Item', 'Updated item: RAM → RAM', '2026-04-21 09:39:21'),
(300, 16, 'Add Component', 'Added component to inventory: 49', '2026-04-21 09:42:32'),
(301, 16, 'Edit Inventory', 'Updated inventory: System Unit', '2026-04-21 09:42:33'),
(302, 16, 'Edit Inventory', 'Updated inventory: System Unit', '2026-04-21 09:43:41'),
(303, 16, 'Edit Inventory', 'Updated inventory: comp', '2026-04-21 09:43:56'),
(304, 16, 'Edit Inventory', 'Updated inventory: Computer Set 1', '2026-04-21 09:44:07'),
(305, 16, 'Edit Supplier', 'Updated supplier: SonJingWoo Shop → SonJingWoo Shop', '2026-04-21 09:48:27'),
(306, 16, 'Edit Supplier', 'Updated supplier: KimWatches Shop → KimWatches Shop', '2026-04-21 09:49:00'),
(307, 16, 'Edit Supplier', 'Updated supplier: RS SHOP → RS SHOP', '2026-04-21 09:49:35'),
(308, 16, 'Add Inventory', 'Added inventory: Computer set 1 with quantity: 1', '2026-04-21 15:23:41'),
(309, 16, 'Edit Department', 'Updated department: CICTE → CICTE', '2026-04-23 00:20:22'),
(310, 16, 'Edit Department', 'Updated department: CONAHS → CONAHS', '2026-04-23 00:21:35'),
(311, 16, 'Edit Department', 'Updated department: COAB → COAB', '2026-04-23 00:23:43'),
(312, 16, 'Edit Department', 'Updated department: COED → COED', '2026-04-23 00:23:54'),
(313, 16, 'Add Department', 'Added department: STAHM', '2026-04-23 00:28:01'),
(314, 16, 'Add Department', 'Added department: POLSCIE', '2026-04-23 00:28:20'),
(315, 16, 'Edit Department', 'Updated department: Inventory Office → Inventory Office', '2026-04-23 00:31:21'),
(316, 16, 'Edit Department', 'Updated department: GSD OFFICE → GSD OFFICE', '2026-04-23 00:31:50'),
(317, 16, 'Add Component', 'Added component to inventory: 49', '2026-04-28 03:49:39'),
(318, 16, 'Update Component', 'Updated component: 55', '2026-04-28 03:50:14'),
(319, 16, 'Delete Inventory', 'Deleted inventory item', '2026-04-28 03:59:06'),
(320, 16, 'Add Inventory', 'Added inventory: Computer Set 1 with quantity: 1', '2026-04-28 04:00:33'),
(321, 16, 'Add Component', 'Added component to inventory: 51', '2026-04-28 04:42:47'),
(322, 16, 'Edit Inventory', 'Updated inventory: Computer Set 1', '2026-04-28 04:43:13'),
(323, 16, 'Delete Component', 'Deleted component: 65', '2026-04-28 04:43:13'),
(324, 16, 'Add Component', 'Added component to inventory: 51', '2026-04-28 04:43:29'),
(325, 16, 'Update Component', 'Updated component: 66', '2026-04-28 04:52:17'),
(326, 16, 'Edit Inventory', 'Updated inventory: Computer Set 1', '2026-04-28 04:52:19'),
(327, 16, 'Delete Component', 'Deleted component: 66', '2026-04-28 04:53:35'),
(328, 16, 'Add Component', 'Added component to inventory: 51', '2026-04-28 04:54:11'),
(329, 16, 'Edit Inventory', 'Updated inventory: Computer Set 1', '2026-04-28 04:54:14'),
(330, 16, 'Delete Component', 'Deleted component: 67', '2026-04-28 04:54:19'),
(331, 16, 'Add Component', 'Added component to inventory: 51', '2026-04-28 04:54:26'),
(332, 16, 'Edit Inventory', 'Updated inventory: Computer Set 1', '2026-04-28 04:54:32'),
(333, 16, 'Add Inventory', 'Added inventory: Computer Set 2', '2026-04-28 04:56:31'),
(334, 18, 'Edit Department User', 'Updated user (LabManager@gmail.com) → Email/Role/Photo changed.', '2026-04-28 11:26:38'),
(335, 16, 'Add Inventory', 'Added inventory: Computer Set 3', '2026-04-28 16:04:51'),
(336, 16, 'Login', 'Successful login', '2026-04-29 18:54:04'),
(337, 16, 'Login', 'Successful login', '2026-04-29 18:54:36'),
(338, 16, 'Consent Accepted', 'Accepted consent version v1.0', '2026-04-29 18:54:40'),
(339, 16, 'Login', 'Successful login', '2026-04-29 18:55:51'),
(340, 16, 'Login', 'Successful login', '2026-04-29 18:56:15'),
(341, 16, 'Login', 'Successful login', '2026-04-29 19:03:15'),
(342, 16, 'Login', 'Successful login', '2026-04-29 19:05:33'),
(343, 18, 'Login', 'Successful login', '2026-04-29 19:06:03'),
(344, 18, 'Login', 'Successful login', '2026-04-29 19:09:00'),
(345, 16, 'Login', 'Successful login', '2026-04-29 19:19:06'),
(346, 18, 'Login', 'Successful login', '2026-04-29 19:20:02'),
(347, 26, 'Login', 'Successful login', '2026-04-29 19:26:01'),
(348, 27, 'Login', 'Successful login', '2026-04-29 19:29:15'),
(349, 16, 'Login', 'Successful login', '2026-04-29 19:47:18'),
(350, 16, 'Login', 'Successful login', '2026-04-29 19:49:44'),
(351, 16, 'Login', 'Successful login', '2026-04-29 20:02:12'),
(352, 26, 'Login', 'Successful login', '2026-04-29 20:19:53'),
(353, 16, 'Login', 'Successful login', '2026-04-29 20:21:55'),
(354, 16, 'Login', 'Successful login', '2026-04-29 20:32:36'),
(355, 18, 'Login', 'Successful login', '2026-04-29 21:15:48'),
(356, 16, 'Login', 'Successful login', '2026-04-29 21:18:05'),
(357, 16, 'Profile Update', 'Updated profile information', '2026-04-29 21:37:32'),
(358, 16, 'Profile Update', 'Updated profile information', '2026-04-29 21:37:55'),
(359, 16, 'Profile Update', 'Updated profile information', '2026-04-29 21:42:36'),
(360, 16, 'Profile Update', 'Updated profile information', '2026-04-29 21:42:48'),
(361, 18, 'Login', 'Successful login', '2026-04-29 21:43:21'),
(362, 18, 'Profile Update', 'Updated profile information', '2026-04-29 21:43:52'),
(363, 16, 'Login', 'Successful login', '2026-04-29 21:49:23'),
(364, 18, 'Login', 'Successful login', '2026-04-29 22:03:19'),
(365, 16, 'Login', 'Successful login', '2026-04-29 22:07:55'),
(366, 16, 'Account Status', 'Set user #27 status to disabled', '2026-04-29 22:08:09'),
(367, 16, 'Account Status', 'Set user #27 status to active', '2026-04-29 22:08:11'),
(368, 16, 'Account Status', 'Set user #27 status to disabled', '2026-04-29 22:08:12'),
(369, 16, 'Account Status', 'Set user #27 status to active', '2026-04-29 22:08:13'),
(370, 16, 'Account Status', 'Set user #27 status to disabled', '2026-04-29 22:25:36'),
(371, 16, 'Account Status', 'Set user #27 status to active', '2026-04-29 22:25:37'),
(372, 16, 'Account Status', 'Set user #24 status to disabled', '2026-04-29 22:27:46'),
(373, 16, 'Login', 'Successful login', '2026-04-29 22:29:07'),
(374, 16, 'Login', 'Successful login', '2026-04-29 22:58:01'),
(375, 16, 'Login', 'Successful login', '2026-04-30 00:33:55'),
(376, 16, 'Account Status', 'Set user #24 status to active', '2026-04-30 00:38:09'),
(377, 16, 'Account Status', 'Set user #24 status to disabled', '2026-04-30 00:38:10'),
(378, 16, 'Account Status', 'Set user #24 status to active', '2026-04-30 00:38:12'),
(379, 16, 'Account Status', 'Set user #24 status to disabled', '2026-04-30 00:38:13'),
(380, 16, 'Account Status', 'Set user #24 status to active', '2026-04-30 00:38:13'),
(381, 16, 'Account Status', 'Set user #24 status to disabled', '2026-04-30 00:38:14'),
(382, 16, 'Account Status', 'Set user #24 status to active', '2026-04-30 00:38:15'),
(383, 16, 'Account Status', 'Set user #24 status to disabled', '2026-04-30 00:38:15'),
(384, 16, 'Login', 'Successful login', '2026-04-30 00:58:15'),
(385, 16, 'Login', 'Successful login', '2026-04-30 02:03:40'),
(386, 16, 'Profile Update', 'Updated profile information', '2026-04-30 02:28:50'),
(387, 16, 'Profile Update', 'Updated profile information', '2026-04-30 02:29:18'),
(388, 16, 'Account Status', 'Set user #27 status to disabled', '2026-04-30 02:32:00'),
(389, 16, 'Account Status', 'Set user #27 status to active', '2026-04-30 02:32:01'),
(390, 16, 'Account Status', 'Set user #27 status to disabled', '2026-04-30 02:32:02'),
(391, 16, 'Edit User', 'Updated user (rex@gmail.com) → profile/account fields changed.', '2026-04-30 02:32:09'),
(392, 16, 'Edit User', 'Updated user (rex@gmail.com) → profile/account fields changed.', '2026-04-30 02:32:15'),
(393, 16, 'Account Status', 'Set user #27 status to active', '2026-04-30 02:32:23'),
(394, 16, 'Account Status', 'Set user #27 status to disabled', '2026-04-30 02:32:25'),
(395, 16, 'Account Status', 'Set user #27 status to active', '2026-04-30 02:32:25'),
(396, 16, 'Account Status', 'Set user #27 status to disabled', '2026-04-30 02:32:59'),
(397, 16, 'Account Status', 'Set user #27 status to active', '2026-04-30 02:32:59'),
(398, 16, 'Account Status', 'Set user #27 status to disabled', '2026-04-30 02:33:00'),
(399, 16, 'Account Status', 'Set user #27 status to active', '2026-04-30 02:33:00'),
(400, 16, 'Login', 'Successful login', '2026-04-30 06:51:47'),
(401, 18, 'Login', 'Successful login', '2026-04-30 07:08:41'),
(402, 18, 'Profile Update', 'Updated profile information', '2026-04-30 07:13:12'),
(403, 18, 'Profile Update', 'Updated profile information', '2026-04-30 07:13:18'),
(404, 16, 'Login', 'Successful login', '2026-04-30 07:19:08'),
(405, 16, 'Account Status', 'Set user #24 status to active', '2026-04-30 07:27:39'),
(406, 16, 'Account Status', 'Set user #19 status to disabled', '2026-04-30 07:30:29'),
(407, 16, 'Account Status', 'Set user #19 status to active', '2026-04-30 07:30:29'),
(408, 16, 'Account Status', 'Set user #19 status to disabled', '2026-04-30 07:30:30'),
(409, 16, 'Account Status', 'Set user #19 status to active', '2026-04-30 07:30:30'),
(410, 16, 'Account Status', 'Set user #19 status to disabled', '2026-04-30 07:30:30'),
(411, 16, 'Account Status', 'Set user #19 status to active', '2026-04-30 07:30:30'),
(412, 16, 'Account Status', 'Set user #19 status to disabled', '2026-04-30 07:30:31'),
(413, 16, 'Account Status', 'Set user #19 status to active', '2026-04-30 07:30:31'),
(414, 16, 'Account Status', 'Set user #27 status to disabled', '2026-04-30 07:36:08'),
(415, 16, 'Account Status', 'Set user #27 status to active', '2026-04-30 07:36:11'),
(416, 16, 'Login', 'Successful login', '2026-04-30 08:50:51'),
(417, 16, 'Login', 'Successful login', '2026-04-30 09:12:20'),
(418, 18, 'Login', 'Successful login', '2026-04-30 09:16:29'),
(419, 16, 'Login', 'Successful login', '2026-04-30 09:25:25'),
(420, 18, 'Login', 'Successful login', '2026-04-30 09:26:05'),
(421, 16, 'Login', 'Successful login', '2026-04-30 09:33:43'),
(422, 19, 'Login', 'Successful login', '2026-04-30 10:40:56'),
(423, 16, 'Login', 'Successful login', '2026-04-30 10:42:23'),
(424, 16, 'Delete User', 'Soft-deleted user: LabManager@gmail.com', '2026-04-30 10:42:39'),
(425, 18, 'Login', 'Successful login', '2026-04-30 10:43:35'),
(426, 18, 'Edit Department User', 'Updated user (LabManager@gmail.com) → Email/Role/Photo changed.', '2026-04-30 10:44:46'),
(427, 16, 'Login', 'Successful login', '2026-04-30 10:47:22'),
(428, 16, 'Delete User', 'Soft-deleted user: rex@gmail.com', '2026-04-30 10:47:36'),
(429, 16, 'Login', 'Successful login', '2026-04-30 11:01:18'),
(430, 16, 'Add User', 'Created new user: new.dean@gmail.com', '2026-04-30 11:02:06'),
(431, 16, 'Add User', 'Created new user: new.employee@gmail.com', '2026-04-30 11:02:42'),
(432, 16, 'Add User', 'Created new user: new.comptroller@gmail.com', '2026-04-30 11:03:25'),
(433, 16, 'Add User', 'Created new user: new.gsd@gmail.com', '2026-04-30 11:04:09'),
(434, 16, 'Edit User', 'Updated user (new.comptroller@gmail.com) → profile/account fields changed.', '2026-04-30 11:05:26'),
(435, 16, 'Edit User', 'Updated user (new.comptroller@gmail.com) → profile/account fields changed.', '2026-04-30 11:05:37'),
(436, 16, 'Edit User', 'Updated user (new.comptroller@gmail.com) → profile/account fields changed.', '2026-04-30 11:06:03'),
(437, 16, 'Edit User', 'Updated user (new.gsd@gmail.com) → profile/account fields changed.', '2026-04-30 11:06:25'),
(442, 16, 'Login', 'Successful login', '2026-04-30 11:11:40'),
(443, 16, 'Login', 'Successful login', '2026-04-30 11:13:38'),
(444, 16, 'Login', 'Successful login', '2026-05-05 20:53:44'),
(445, 16, 'Delete User', 'Soft-deleted user: new.gsd@gmail.com', '2026-05-05 22:56:32'),
(446, 16, 'Delete User', 'Soft-deleted user: new.comptroller@gmail.com', '2026-05-05 22:56:35'),
(447, 16, 'Delete User', 'Soft-deleted user: new.employee@gmail.com', '2026-05-05 23:01:42'),
(448, 16, 'Login', 'Successful login', '2026-05-11 20:18:23'),
(449, 18, 'Login', 'Successful login', '2026-05-11 20:49:40'),
(450, 18, 'Login', 'Successful login', '2026-05-12 09:33:05'),
(451, 16, 'Login', 'Successful login', '2026-05-12 09:34:34'),
(452, 18, 'Login', 'Successful login', '2026-05-12 09:35:21'),
(453, 18, 'Login', 'Successful login', '2026-05-12 20:23:42'),
(454, 22, 'Login', 'Successful login', '2026-05-12 20:40:22'),
(455, 26, 'Login', 'Successful login', '2026-05-12 20:41:06'),
(456, 22, 'Login', 'Successful login', '2026-05-12 20:46:51'),
(457, 18, 'Login', 'Successful login', '2026-05-12 21:04:05'),
(458, 18, 'Login', 'Successful login', '2026-05-14 21:46:28'),
(459, 18, 'Login', 'Successful login', '2026-05-14 22:06:42'),
(460, 18, 'Login', 'Successful login', '2026-05-14 22:11:19'),
(461, 16, 'Login', 'Successful login', '2026-05-18 21:42:56'),
(462, 18, 'Login', 'Successful login', '2026-05-21 20:31:28'),
(463, 18, 'Login', 'Successful login', '2026-05-22 00:12:13'),
(464, 18, 'Login', 'Successful login', '2026-05-22 19:03:53'),
(465, 22, 'Login', 'Successful login', '2026-05-22 19:22:45'),
(466, 18, 'Login', 'Successful login', '2026-05-22 19:23:58'),
(467, 16, 'Login', 'Successful login', '2026-05-22 19:39:10'),
(468, 18, 'Login', 'Successful login', '2026-05-22 19:53:18'),
(469, 16, 'Login', 'Successful login', '2026-05-22 20:00:05'),
(470, 18, 'Login', 'Successful login', '2026-05-22 20:50:59'),
(471, 22, 'Login', 'Successful login', '2026-05-22 20:52:33'),
(472, 16, 'Login', 'Successful login', '2026-05-22 20:54:31'),
(473, 16, 'Login', 'Successful login', '2026-05-23 16:56:22'),
(474, 18, 'Login', 'Successful login', '2026-05-23 17:21:03'),
(475, 18, 'Login', 'Successful login', '2026-05-23 22:44:58'),
(476, 18, 'Login', 'Successful login', '2026-05-24 17:56:59'),
(477, 22, 'Login', 'Successful login', '2026-05-24 18:00:58'),
(478, 18, 'Login', 'Successful login', '2026-05-24 18:09:10'),
(479, 22, 'Login', 'Successful login', '2026-05-24 18:15:15'),
(480, 21, 'Login', 'Successful login', '2026-05-24 18:29:51'),
(481, 24, 'Login', 'Successful login', '2026-05-24 18:30:25'),
(482, 24, 'Password Change', 'Changed account password', '2026-05-24 18:31:05'),
(483, 24, 'Login', 'Successful login', '2026-05-24 18:31:23'),
(484, 16, 'Login', 'Successful login', '2026-05-24 18:31:45'),
(485, 18, 'Login', 'Successful login', '2026-05-24 23:01:18'),
(486, 18, 'Login', 'Successful login', '2026-05-25 09:07:01'),
(487, 16, 'Login', 'Successful login', '2026-05-25 09:17:13'),
(488, 22, 'Login', 'Successful login', '2026-05-25 09:17:41'),
(489, 16, 'Login', 'Successful login', '2026-05-25 09:18:04'),
(490, 18, 'Login', 'Successful login', '2026-05-25 09:19:33'),
(491, 16, 'Login', 'Successful login', '2026-05-25 09:22:32'),
(492, 18, 'Login', 'Successful login', '2026-05-25 09:22:56'),
(493, 16, 'Login', 'Successful login', '2026-05-25 09:26:06'),
(494, 18, 'Login', 'Successful login', '2026-05-25 09:26:58'),
(495, 22, 'Login', 'Successful login', '2026-05-25 09:31:17'),
(496, 18, 'Login', 'Successful login', '2026-05-25 09:40:09'),
(497, 18, 'Login', 'Successful login', '2026-05-25 09:41:05'),
(498, 18, 'Login', 'Successful login', '2026-05-25 16:44:28'),
(499, 18, 'Login', 'Successful login', '2026-05-25 22:10:49'),
(500, 22, 'Login', 'Successful login', '2026-05-25 22:42:13'),
(501, 18, 'Login', 'Successful login', '2026-05-25 22:55:09'),
(502, 22, 'Login', 'Successful login', '2026-05-25 22:55:50'),
(503, 24, 'Login', 'Successful login', '2026-05-25 22:56:16'),
(504, 24, 'Login', 'Successful login', '2026-05-25 22:56:54'),
(505, 18, 'Login', 'Successful login', '2026-05-25 23:05:52'),
(506, 16, 'Login', 'Successful login', '2026-05-25 23:06:44'),
(507, 16, 'Login', 'Successful login', '2026-05-25 23:07:04'),
(508, 18, 'Login', 'Successful login', '2026-05-25 23:07:22'),
(509, 16, 'Login', 'Successful login', '2026-05-25 23:08:01'),
(510, 18, 'Login', 'Successful login', '2026-05-25 23:09:15'),
(511, 22, 'Login', 'Successful login', '2026-05-25 23:09:49'),
(512, 18, 'Login', 'Successful login', '2026-05-25 23:29:17'),
(513, 22, 'Login', 'Successful login', '2026-05-25 23:29:41'),
(514, 18, 'Login', 'Successful login', '2026-05-25 23:34:07'),
(515, 22, 'Login', 'Successful login', '2026-05-25 23:35:27'),
(516, 18, 'Login', 'Successful login', '2026-05-25 23:35:55'),
(517, 16, 'Login', 'Successful login', '2026-05-25 23:36:40'),
(518, 18, 'Login', 'Successful login', '2026-05-25 23:37:00'),
(519, 16, 'Login', 'Successful login', '2026-05-25 23:37:51'),
(520, 18, 'Login', 'Successful login', '2026-05-25 23:38:20'),
(521, 22, 'Login', 'Successful login', '2026-05-25 23:39:28'),
(522, 18, 'Login', 'Successful login', '2026-05-26 09:42:53'),
(523, 22, 'Login', 'Successful login', '2026-05-26 09:47:22'),
(524, 24, 'Login', 'Successful login', '2026-05-26 09:57:07'),
(525, 18, 'Login', 'Successful login', '2026-05-26 20:24:00'),
(526, 22, 'Login', 'Successful login', '2026-05-26 20:25:24'),
(527, 18, 'Login', 'Successful login', '2026-05-28 09:59:36'),
(528, 16, 'Login', 'Successful login', '2026-05-28 10:00:28'),
(529, 18, 'Login', 'Successful login', '2026-05-28 10:00:49'),
(530, 16, 'Login', 'Successful login', '2026-05-28 10:01:29'),
(531, 22, 'Login', 'Successful login', '2026-05-28 10:02:14'),
(532, 18, 'Login', 'Successful login', '2026-05-28 10:02:50'),
(533, 22, 'Login', 'Successful login', '2026-05-28 10:06:20'),
(534, 16, 'Login', 'Successful login', '2026-05-31 15:21:06'),
(535, 21, 'Login', 'Successful login', '2026-05-31 15:21:30'),
(536, 18, 'Login', 'Successful login', '2026-05-31 15:22:46'),
(537, 24, 'Login', 'Successful login', '2026-06-01 22:40:24'),
(538, 16, 'Login', 'Successful login', '2026-06-01 22:43:03'),
(539, 16, 'Account Status', 'Set user #24 status to disabled', '2026-06-01 22:43:15'),
(540, 16, 'Account Status', 'Set user #24 status to active', '2026-06-01 22:43:17'),
(541, 16, 'Account Status', 'Set user #24 status to disabled', '2026-06-01 22:43:20'),
(542, 16, 'Account Status', 'Set user #24 status to active', '2026-06-01 22:43:21'),
(543, 16, 'Account Status', 'Set user #24 status to active', '2026-06-01 22:44:15'),
(544, 18, 'Login', 'Successful login', '2026-06-02 20:37:50'),
(545, 16, 'Login', 'Successful login', '2026-06-02 20:53:11'),
(546, 18, 'Login', 'Successful login', '2026-06-02 20:53:36'),
(547, 16, 'Login', 'Successful login', '2026-06-02 20:54:05'),
(548, 18, 'Login', 'Successful login', '2026-06-02 20:54:51'),
(549, 16, 'Login', 'Successful login', '2026-06-02 20:55:20'),
(550, 18, 'Login', 'Successful login', '2026-06-02 21:12:18'),
(551, 16, 'Login', 'Successful login', '2026-06-02 21:20:27'),
(552, 22, 'Login', 'Successful login', '2026-06-02 21:34:54'),
(553, 18, 'Login', 'Successful login', '2026-06-02 21:35:35'),
(554, 22, 'Login', 'Successful login', '2026-06-02 21:37:02'),
(555, 18, 'Login', 'Successful login', '2026-06-02 21:37:22'),
(556, 22, 'Login', 'Successful login', '2026-06-02 23:25:54'),
(557, 18, 'Login', 'Successful login', '2026-06-02 23:26:18'),
(558, 22, 'Login', 'Successful login', '2026-06-02 23:43:53'),
(559, 24, 'Login', 'Successful login', '2026-06-02 23:44:10'),
(560, 21, 'Login', 'Successful login', '2026-06-02 23:44:27'),
(561, 18, 'Login', 'Successful login', '2026-06-02 23:45:05'),
(562, 22, 'Login', 'Successful login', '2026-06-02 23:45:37'),
(563, 18, 'Login', 'Successful login', '2026-06-02 23:55:01'),
(564, 22, 'Login', 'Successful login', '2026-06-02 23:55:54'),
(565, 18, 'Login', 'Successful login', '2026-06-03 00:30:57'),
(566, 22, 'Login', 'Successful login', '2026-06-03 00:33:09'),
(567, 18, 'Login', 'Successful login', '2026-06-03 00:43:33'),
(568, 22, 'Login', 'Successful login', '2026-06-03 00:44:22'),
(569, 24, 'Login', 'Successful login', '2026-06-03 00:45:16'),
(570, 21, 'Login', 'Successful login', '2026-06-03 00:46:05'),
(571, 26, 'Login', 'Successful login', '2026-06-03 00:47:02'),
(572, 18, 'Login', 'Successful login', '2026-06-03 00:52:39'),
(573, 22, 'Login', 'Successful login', '2026-06-03 00:54:38'),
(574, 18, 'Login', 'Successful login', '2026-06-03 01:40:51'),
(575, 21, 'Login', 'Successful login', '2026-06-03 01:41:29'),
(576, 18, 'Login', 'Successful login', '2026-06-03 02:13:14'),
(577, 22, 'Login', 'Successful login', '2026-06-03 02:13:36'),
(578, 21, 'Login', 'Successful login', '2026-06-03 02:14:10'),
(579, 24, 'Login', 'Successful login', '2026-06-03 02:58:41'),
(580, 18, 'Login', 'Successful login', '2026-06-03 03:11:57'),
(581, 24, 'Login', 'Successful login', '2026-06-03 03:12:50'),
(582, 16, 'Login', 'Successful login', '2026-06-03 03:14:13'),
(583, 24, 'Login', 'Successful login', '2026-06-03 03:31:42'),
(584, 18, 'Login', 'Successful login', '2026-06-03 03:32:16'),
(585, 16, 'Login', 'Successful login', '2026-06-03 03:35:01'),
(586, 18, 'Login', 'Successful login', '2026-06-03 03:35:14'),
(587, 16, 'Login', 'Successful login', '2026-06-03 03:35:43'),
(588, 22, 'Login', 'Successful login', '2026-06-03 03:36:22'),
(589, 18, 'Login', 'Successful login', '2026-06-03 03:36:38'),
(590, 22, 'Login', 'Successful login', '2026-06-03 03:39:09'),
(591, 18, 'Login', 'Successful login', '2026-06-03 03:39:23'),
(592, 22, 'Login', 'Successful login', '2026-06-03 03:41:17'),
(593, 22, 'Login', 'Successful login', '2026-06-03 03:49:29'),
(594, 26, 'Login', 'Successful login', '2026-06-03 04:01:55'),
(595, 22, 'Login', 'Successful login', '2026-06-03 04:05:01'),
(596, 21, 'Login', 'Successful login', '2026-06-03 04:07:28'),
(597, 18, 'Login', 'Successful login', '2026-06-03 04:12:43'),
(598, 22, 'Login', 'Successful login', '2026-06-03 04:13:26'),
(599, 24, 'Login', 'Successful login', '2026-06-03 04:14:35'),
(600, 18, 'Login', 'Successful login', '2026-06-03 04:19:31'),
(601, 16, 'Login', 'Successful login', '2026-06-03 04:23:59'),
(602, 24, 'Login', 'Successful login', '2026-06-03 04:24:40'),
(603, 18, 'Login', 'Successful login', '2026-06-03 04:25:28'),
(604, 18, 'Login', 'Successful login', '2026-06-03 08:16:20'),
(605, 16, 'Login', 'Successful login', '2026-06-03 08:20:28'),
(606, 16, 'Add Facility', 'Added facility in dept 1: WLC Main Buiding /  (SampleCode1)', '2026-06-03 08:21:39'),
(607, 18, 'Login', 'Successful login', '2026-06-03 08:21:53'),
(608, 16, 'Login', 'Successful login', '2026-06-03 08:22:52'),
(609, 18, 'Login', 'Successful login', '2026-06-03 08:23:22'),
(610, 22, 'Login', 'Successful login', '2026-06-03 08:30:36'),
(611, 26, 'Login', 'Successful login', '2026-06-03 08:32:39'),
(612, 22, 'Login', 'Successful login', '2026-06-03 08:34:46'),
(613, 21, 'Login', 'Successful login', '2026-06-03 08:36:32'),
(614, 18, 'Login', 'Successful login', '2026-06-03 08:38:56'),
(615, 24, 'Login', 'Successful login', '2026-06-03 08:39:29'),
(616, 18, 'Login', 'Successful login', '2026-06-03 08:40:46'),
(617, 16, 'Login', 'Successful login', '2026-06-03 08:41:19'),
(618, 24, 'Login', 'Successful login', '2026-06-03 08:41:51'),
(619, 18, 'Login', 'Successful login', '2026-06-06 18:45:39'),
(620, 16, 'Login', 'Successful login', '2026-06-06 18:50:29'),
(621, 18, 'Login', 'Successful login', '2026-06-06 18:53:18'),
(622, 22, 'Login', 'Successful login', '2026-06-06 19:00:37'),
(623, 26, 'Login', 'Successful login', '2026-06-06 19:36:41'),
(624, 22, 'Login', 'Successful login', '2026-06-06 20:34:10'),
(625, 18, 'Login', 'Successful login', '2026-06-06 21:42:00'),
(626, 18, 'Login', 'Successful login', '2026-06-06 21:42:14'),
(627, 16, 'Login', 'Successful login', '2026-06-06 21:42:54'),
(628, 18, 'Login', 'Successful login', '2026-06-06 21:43:24'),
(629, 22, 'Login', 'Successful login', '2026-06-06 21:46:16'),
(630, 26, 'Login', 'Successful login', '2026-06-06 21:55:33'),
(631, 22, 'Login', 'Successful login', '2026-06-06 21:58:48'),
(632, 21, 'Login', 'Successful login', '2026-06-06 22:00:25'),
(633, 22, 'Login', 'Successful login', '2026-06-06 22:08:12'),
(634, 21, 'Login', 'Successful login', '2026-06-06 22:08:42'),
(635, 18, 'Login', 'Successful login', '2026-06-06 22:18:36'),
(636, 24, 'Login', 'Successful login', '2026-06-06 22:19:35'),
(637, 18, 'Login', 'Successful login', '2026-06-06 22:20:36'),
(638, 18, 'Login', 'Successful login', '2026-06-06 22:21:01'),
(639, 21, 'Login', 'Successful login', '2026-06-06 22:23:20'),
(640, 16, 'Login', 'Successful login', '2026-06-06 22:23:42'),
(641, 22, 'Login', 'Successful login', '2026-06-06 22:29:19'),
(642, 16, 'Login', 'Successful login', '2026-06-06 22:36:02'),
(643, 16, 'Login', 'Successful login', '2026-06-07 19:56:49'),
(644, 24, 'Login', 'Successful login', '2026-06-07 20:03:32'),
(645, 16, 'Login', 'Successful login', '2026-06-07 20:20:19'),
(646, 18, 'Login', 'Successful login', '2026-06-07 20:38:21'),
(647, 24, 'Login', 'Successful login', '2026-06-07 20:42:44'),
(648, 21, 'Login', 'Successful login', '2026-06-07 20:57:26'),
(649, 24, 'Login', 'Successful login', '2026-06-07 21:20:37'),
(650, 21, 'Login', 'Successful login', '2026-06-07 21:20:59'),
(651, 24, 'Login', 'Successful login', '2026-06-07 21:47:11'),
(652, 18, 'Login', 'Successful login', '2026-06-07 22:00:34'),
(653, 16, 'Login', 'Successful login', '2026-06-07 22:04:54'),
(654, 18, 'Login', 'Successful login', '2026-06-07 22:05:27'),
(655, 16, 'Login', 'Successful login', '2026-06-07 22:12:32'),
(656, 26, 'Login', 'Successful login', '2026-06-07 22:13:36'),
(657, 18, 'Login', 'Successful login', '2026-06-07 22:13:50'),
(658, 22, 'Login', 'Successful login', '2026-06-07 22:22:12'),
(659, 26, 'Login', 'Successful login', '2026-06-07 22:24:12'),
(660, 22, 'Login', 'Successful login', '2026-06-07 22:27:14'),
(661, 21, 'Login', 'Successful login', '2026-06-07 22:32:57'),
(662, 24, 'Login', 'Successful login', '2026-06-07 22:35:22'),
(663, 16, 'Login', 'Successful login', '2026-06-07 22:39:46'),
(664, 24, 'Login', 'Successful login', '2026-06-07 22:40:32'),
(665, 16, 'Login', 'Successful login', '2026-06-07 22:47:05'),
(666, 18, 'Login', 'Successful login', '2026-06-07 22:47:27'),
(667, 21, 'Login', 'Successful login', '2026-06-07 22:47:46'),
(668, 18, 'Login', 'Successful login', '2026-06-07 22:52:05'),
(669, 21, 'Login', 'Successful login', '2026-06-07 22:52:43'),
(670, 16, 'Login', 'Successful login', '2026-06-07 22:57:39'),
(671, 16, 'Login', 'Successful login', '2026-06-08 18:01:33'),
(672, 16, 'Edit User', 'Updated user (gsd@gmail.com) → profile/account fields changed.', '2026-06-08 18:02:13'),
(673, 16, 'Edit User', 'Updated user (gsd@gmail.com) → profile/account fields changed.', '2026-06-08 18:02:23'),
(674, 16, 'Edit User', 'Updated user (comptroller@gmail.com) → profile/account fields changed.', '2026-06-08 18:02:52'),
(675, 16, 'Edit User', 'Updated user (president@gmail.com) → profile/account fields changed.', '2026-06-08 18:03:17'),
(676, 16, 'Edit User', 'Updated user (canvasser@gmail.com) → profile/account fields changed.', '2026-06-08 18:03:31'),
(677, 16, 'Edit User', 'Updated user (new.dean@gmail.com) → profile/account fields changed.', '2026-06-08 18:03:55'),
(678, 16, 'Profile Update', 'Updated profile information', '2026-06-08 18:04:16'),
(679, 16, 'Login', 'Successful login', '2026-06-08 18:06:07'),
(680, 16, 'Login', 'Successful login', '2026-06-09 12:49:07'),
(681, 18, 'Login', 'Successful login', '2026-06-09 12:49:38'),
(682, 16, 'Login', 'Successful login', '2026-06-09 12:50:48'),
(683, 16, 'Delete User', 'Soft-deleted user: new.dean@gmail.com', '2026-06-09 12:51:03'),
(684, 16, 'Login', 'Successful login', '2026-06-09 13:05:37'),
(685, 16, 'Login', 'Successful login', '2026-06-10 08:02:01'),
(686, 16, 'Edit Supplier', 'Updated supplier: Shoppee OnlineShop → Shoppee OnlineShop', '2026-06-10 12:19:56'),
(687, 16, 'Edit User', 'Updated user (gsd@gmail.com) → profile/account fields changed.', '2026-06-10 12:20:42'),
(688, 16, 'Edit Supplier', 'Updated supplier: Shoppee OnlineShop → Shoppee OnlineShop', '2026-06-10 12:23:01'),
(689, 18, 'Login', 'Successful login', '2026-06-10 13:57:09'),
(690, 16, 'Login', 'Successful login', '2026-06-10 14:24:25'),
(691, 21, 'Login', 'Successful login', '2026-06-10 14:35:22'),
(692, 18, 'Login', 'Successful login', '2026-06-10 15:49:59'),
(693, 16, 'Login', 'Successful login', '2026-06-10 16:02:01'),
(694, 16, 'Login', 'Successful login', '2026-06-10 16:02:33'),
(695, 18, 'Login', 'Successful login', '2026-06-10 16:03:50'),
(696, 18, 'Login', 'Successful login', '2026-06-10 19:56:10'),
(697, 18, 'Login', 'Successful login', '2026-06-10 19:56:55'),
(698, 16, 'Login', 'Successful login', '2026-06-10 20:03:55'),
(699, 18, 'Login', 'Successful login', '2026-06-10 20:15:27'),
(700, 16, 'Login', 'Successful login', '2026-06-10 20:48:45'),
(701, 18, 'Login', 'Successful login', '2026-06-10 20:49:05'),
(702, 16, 'Login', 'Successful login', '2026-06-10 20:52:18'),
(703, 18, 'Login', 'Successful login', '2026-06-10 20:52:57'),
(704, 16, 'Login', 'Successful login', '2026-06-10 21:01:35'),
(705, 18, 'Login', 'Successful login', '2026-06-10 21:02:13'),
(706, 16, 'Login', 'Successful login', '2026-06-10 21:08:28'),
(707, 18, 'Login', 'Successful login', '2026-06-10 21:10:55'),
(708, 16, 'Login', 'Successful login', '2026-06-10 21:29:00'),
(709, 18, 'Login', 'Successful login', '2026-06-10 21:30:14'),
(710, 18, 'Login', 'Successful login', '2026-06-10 21:43:07'),
(711, 18, 'Login', 'Successful login', '2026-06-11 01:01:57'),
(712, 18, 'Login', 'Successful login', '2026-06-11 01:10:16'),
(713, 18, 'Login', 'Successful login', '2026-06-11 18:20:59'),
(714, 16, 'Login', 'Successful login', '2026-06-11 20:53:48'),
(715, 18, 'Login', 'Successful login', '2026-06-11 21:02:30'),
(716, 16, 'Login', 'Successful login', '2026-06-11 21:02:50'),
(717, 16, 'Add Office', 'Added office: dawdwdaw (executive)', '2026-06-11 22:40:07'),
(718, 16, 'Add Office', 'Added office: ddadawd (academic)', '2026-06-11 22:40:18'),
(719, 16, 'Add Office', 'Added office: dadwadawd (academic)', '2026-06-11 22:40:29'),
(720, 16, 'Delete Office', 'Deleted office: ddadawd', '2026-06-11 22:40:49'),
(721, 16, 'Delete Office', 'Deleted office: dadwadawd', '2026-06-11 22:40:54'),
(722, 16, 'Delete Office', 'Deleted office: dawdwdaw', '2026-06-11 22:40:59'),
(723, 16, 'Add Office', 'Added office: dwadwadw (academic)', '2026-06-11 22:43:58'),
(724, 16, 'Add Office', 'Added office: dawdwda (administrative)', '2026-06-11 22:46:41'),
(725, 16, 'Edit Office', 'Updated office: dawdwda → jakjfkejfef (administrative)', '2026-06-11 22:46:52'),
(726, 16, 'Edit Office', 'Updated office: dwadwadw → dwadwadwf (academic)', '2026-06-11 22:54:04'),
(727, 16, 'Add Office', 'Added office: dwadad (executive)', '2026-06-11 22:54:12'),
(728, 16, 'Add Office', 'Added office: dwadawd (administrative)', '2026-06-11 22:54:19'),
(729, 16, 'Delete Office', 'Deleted office: dwadad', '2026-06-11 22:54:24'),
(730, 16, 'Delete Office', 'Deleted office: dwadawd', '2026-06-11 22:54:28'),
(731, 16, 'Delete Office', 'Deleted office: jakjfkejfef', '2026-06-11 22:54:33'),
(732, 16, 'Delete Office', 'Deleted office: dwadwadwf', '2026-06-11 22:54:37'),
(733, 16, 'Add Office', 'Added office: eeqweqwe (academic)', '2026-06-11 22:56:39'),
(734, 16, 'Add Office', 'Added office: eqweew (administrative)', '2026-06-11 22:56:46'),
(735, 16, 'Add Office', 'Added office: eqeqwe (administrative)', '2026-06-11 22:56:54'),
(736, 16, 'Delete Office', 'Deleted office: eqeqwe', '2026-06-11 22:57:28'),
(737, 16, 'Delete Office', 'Deleted office: eqweew', '2026-06-11 22:57:32'),
(738, 16, 'Delete Office', 'Deleted office: eeqweqwe', '2026-06-11 22:57:36'),
(739, 16, 'Edit Office', 'Updated office: CICTE → CICTE (academic)', '2026-06-11 23:21:21'),
(740, 16, 'Edit Office', 'Updated office: CICTE → CICTE (academic)', '2026-06-11 23:21:36'),
(741, 16, 'Login', 'Successful login', '2026-06-11 23:30:33'),
(742, 16, 'Add Office', 'Added office: President Office (Executive)', '2026-06-11 23:31:16'),
(743, 16, 'Add Office', 'Added office: eqweqwewq (Academics)', '2026-06-11 23:32:01'),
(744, 16, 'Add Office', 'Added office: eqweqwc (Academics)', '2026-06-11 23:32:15'),
(745, 16, 'Delete Office', 'Deleted office: eqweqwewq', '2026-06-11 23:34:08'),
(746, 16, 'Delete Office', 'Deleted office: eqweqwc', '2026-06-11 23:34:11'),
(747, 16, 'Add Office', 'Added office: dwdawd (Academics)', '2026-06-12 00:15:07'),
(748, 16, 'Add Office', 'Added office: csacsac (Academics)', '2026-06-12 00:15:13'),
(749, 16, 'Add Office', 'Added office: cacascs (Academics)', '2026-06-12 00:15:22'),
(750, 16, 'Add Office', 'Added office: cacsac (Academics)', '2026-06-12 00:15:30'),
(751, 16, 'Add Office', 'Added office: cacas (Academics)', '2026-06-12 00:15:42'),
(752, 16, 'Delete Office', 'Deleted office: cacas', '2026-06-12 00:15:49'),
(753, 16, 'Delete Office', 'Deleted office: cacsac', '2026-06-12 00:15:53'),
(754, 16, 'Delete Office', 'Deleted office: cacascs', '2026-06-12 00:15:56'),
(755, 16, 'Delete Office', 'Deleted office: csacsac', '2026-06-12 00:16:00'),
(756, 16, 'Delete Office', 'Deleted office: dwdawd', '2026-06-12 00:16:03'),
(757, 16, 'Edit Facility', 'Updated facility: WLC Main Buiding ', '2026-06-12 01:26:54'),
(758, 16, 'Edit Facility', 'Updated facility: WLC main building ', '2026-06-12 01:27:28'),
(759, 16, 'Edit Facility', 'Updated facility: WLC Main Buiding lab 1', '2026-06-12 01:27:51'),
(760, 16, 'Edit Facility', 'Updated facility: WLC main building lab 4', '2026-06-12 01:27:58'),
(761, 16, 'Edit Facility', 'Updated facility: WLC main building lab 4', '2026-06-12 01:28:04'),
(762, 16, 'Edit Facility', 'Updated facility: WLC main building lab 4', '2026-06-12 01:28:16'),
(763, 16, 'Edit Facility', 'Updated facility: WLC Main Buiding ', '2026-06-12 01:28:35'),
(764, 16, 'Edit Facility', 'Updated facility: WLC Main Buiding Lab 5', '2026-06-12 01:28:44'),
(765, 16, 'Edit Facility', 'Updated facility: WLC Main Buiding ', '2026-06-12 01:31:43'),
(766, 16, 'Add Facility', 'Added facility in dept 1: dqwdq /  (dqwdqw)', '2026-06-12 01:44:32'),
(767, 16, 'Delete Facility', 'Deleted facility: dqwdq ', '2026-06-12 01:44:47'),
(768, 16, 'Add Facility', 'Added facility in dept 1: dasdas /  (dsadas)', '2026-06-12 01:46:20'),
(769, 16, 'Login', 'Successful login', '2026-06-12 02:25:52'),
(770, 16, 'Login', 'Successful login', '2026-06-12 13:07:35'),
(771, 18, 'Login', 'Successful login', '2026-06-12 13:11:12'),
(772, 16, 'Login', 'Successful login', '2026-06-12 13:12:22'),
(773, 16, 'Login', 'Successful login', '2026-06-12 14:17:23'),
(774, 16, 'Login', 'Successful login', '2026-06-12 17:05:51'),
(775, 18, 'Login', 'Successful login', '2026-06-12 21:04:49'),
(776, 16, 'Login', 'Successful login', '2026-06-12 21:06:07'),
(777, 16, 'Login', 'Successful login', '2026-06-12 23:09:29'),
(778, 16, 'Login', 'Successful login', '2026-06-13 08:58:30'),
(779, 16, 'Login', 'Successful login', '2026-06-13 09:36:47'),
(780, 16, 'Add Department', 'Added department: College of Information Communications Technology and Engineering (CICTE)', '2026-06-13 09:44:30'),
(781, 16, 'Delete Office', 'Deleted office: College of Information Communications Technology and Engineering', '2026-06-13 09:59:12'),
(782, 18, 'Login', 'Successful login', '2026-06-13 10:25:32'),
(783, 16, 'Login', 'Successful login', '2026-06-13 10:26:17'),
(784, 16, 'Login', 'Successful login', '2026-06-13 11:11:27'),
(785, 18, 'Login', 'Successful login', '2026-06-13 11:13:24'),
(786, 16, 'Login', 'Successful login', '2026-06-13 11:19:45'),
(787, 18, 'Login', 'Successful login', '2026-06-13 11:42:01'),
(788, 16, 'Login', 'Successful login', '2026-06-13 11:57:05'),
(789, 16, 'Add Department', 'Added department: College of Nursing and Allied Health Sciences (CONAHS)', '2026-06-13 12:02:42'),
(790, 16, 'Login', 'Successful login', '2026-06-13 12:14:43'),
(791, 22, 'Login', 'Successful login', '2026-06-13 12:29:36'),
(792, 16, 'Login', 'Successful login', '2026-06-13 19:11:57'),
(793, 18, 'Login', 'Successful login', '2026-06-13 19:12:59'),
(794, 24, 'Login', 'Successful login', '2026-06-13 19:18:09'),
(795, 21, 'Login', 'Successful login', '2026-06-13 19:19:11'),
(796, 24, 'Login', 'Successful login', '2026-06-13 19:45:34'),
(797, 18, 'Login', 'Successful login', '2026-06-13 19:45:59'),
(798, 18, 'Login', 'Successful login', '2026-06-13 20:28:41'),
(799, 21, 'Login', 'Successful login', '2026-06-13 20:29:25'),
(800, 16, 'Login', 'Successful login', '2026-06-13 20:31:11'),
(801, 16, 'Add Office', 'Added office: Sample (Academics)', '2026-06-13 20:33:17'),
(802, 16, 'Login', 'Successful login', '2026-06-13 20:42:48'),
(803, 22, 'Login', 'Successful login', '2026-06-13 20:49:21'),
(804, 26, 'Login', 'Successful login', '2026-06-13 20:49:47'),
(805, 22, 'Login', 'Successful login', '2026-06-13 20:53:37'),
(806, 21, 'Login', 'Successful login', '2026-06-13 20:56:39'),
(807, 24, 'Login', 'Successful login', '2026-06-13 21:02:18'),
(808, 16, 'Login', 'Successful login', '2026-06-13 21:02:55'),
(809, 16, 'Login', 'Successful login', '2026-06-13 21:03:44'),
(810, 24, 'Login', 'Successful login', '2026-06-13 21:04:19'),
(811, 21, 'Login', 'Successful login', '2026-06-13 21:05:56'),
(812, 21, 'Login', 'Successful login', '2026-06-13 21:53:15'),
(813, 26, 'Login', 'Successful login', '2026-06-13 21:58:31'),
(814, 16, 'Login', 'Successful login', '2026-06-13 22:10:30'),
(815, 16, 'Add User', 'Created new user: sample@gmail.com', '2026-06-13 22:18:07'),
(816, 16, 'Delete User', 'Soft-deleted user: sample@gmail.com', '2026-06-13 22:18:20'),
(817, 21, 'Login', 'Successful login', '2026-06-13 22:32:13'),
(818, 16, 'Login', 'Successful login', '2026-06-13 22:42:00'),
(819, 16, 'Login', 'Successful login', '2026-06-13 22:51:14'),
(821, 16, 'Login', 'Successful login', '2026-06-13 23:04:39'),
(822, 16, 'Login', 'Successful login', '2026-06-13 23:12:36'),
(823, 18, 'Login', 'Successful login', '2026-06-13 23:19:14'),
(824, 16, 'Login', 'Successful login', '2026-06-13 23:20:46'),
(825, 22, 'Login', 'Successful login', '2026-06-13 23:22:19'),
(826, 26, 'Login', 'Successful login', '2026-06-13 23:22:49'),
(827, 22, 'Login', 'Successful login', '2026-06-13 23:23:44'),
(828, 21, 'Login', 'Successful login', '2026-06-13 23:24:29'),
(829, 24, 'Login', 'Successful login', '2026-06-13 23:25:08'),
(830, 16, 'Login', 'Successful login', '2026-06-13 23:25:35'),
(831, 24, 'Login', 'Successful login', '2026-06-13 23:26:04'),
(832, 24, 'Login', 'Successful login', '2026-06-13 23:26:32'),
(833, 21, 'Login', 'Successful login', '2026-06-13 23:26:50'),
(834, 16, 'Login', 'Successful login', '2026-06-13 23:29:09'),
(835, 18, 'Login', 'Successful login', '2026-06-15 12:46:20'),
(836, 16, 'Login', 'Successful login', '2026-06-15 13:29:01'),
(837, 16, 'Login', 'Successful login', '2026-06-15 13:56:53'),
(838, 22, 'Login', 'Successful login', '2026-06-15 14:02:12'),
(839, 26, 'Login', 'Successful login', '2026-06-15 14:08:47'),
(840, 22, 'Login', 'Successful login', '2026-06-15 14:09:54'),
(841, 21, 'Login', 'Successful login', '2026-06-15 14:12:53'),
(842, 24, 'Login', 'Successful login', '2026-06-15 14:13:35'),
(843, 16, 'Login', 'Successful login', '2026-06-15 14:14:03'),
(844, 24, 'Login', 'Successful login', '2026-06-15 14:14:27'),
(845, 21, 'Login', 'Successful login', '2026-06-15 14:14:54'),
(846, 21, 'Login', 'Successful login', '2026-06-15 14:16:47'),
(847, 16, 'Login', 'Successful login', '2026-06-15 14:26:36'),
(848, 16, 'Login', 'Successful login', '2026-06-15 15:27:26'),
(849, 22, 'Login', 'Successful login', '2026-06-15 15:32:46'),
(850, 26, 'Login', 'Successful login', '2026-06-15 15:33:15'),
(851, 22, 'Login', 'Successful login', '2026-06-15 15:34:34'),
(852, 21, 'Login', 'Successful login', '2026-06-15 15:35:12'),
(853, 24, 'Login', 'Successful login', '2026-06-15 15:35:42'),
(854, 16, 'Login', 'Successful login', '2026-06-15 15:36:12'),
(855, 24, 'Login', 'Successful login', '2026-06-15 15:36:45'),
(856, 21, 'Login', 'Successful login', '2026-06-15 15:37:19'),
(857, 16, 'Login', 'Successful login', '2026-06-15 15:42:46'),
(858, 16, 'Login', 'Successful login', '2026-06-15 15:49:09'),
(859, 18, 'Login', 'Successful login', '2026-06-15 22:28:15'),
(860, 18, 'Login', 'Successful login', '2026-06-15 22:28:41'),
(861, 24, 'Login', 'Successful login', '2026-06-15 22:35:13'),
(862, 24, 'Login', 'Successful login', '2026-06-15 22:35:37'),
(863, 24, 'Login', 'Successful login', '2026-06-15 22:35:53'),
(864, 16, 'Login', 'Successful login', '2026-06-15 22:54:02'),
(865, 24, 'Login', 'Successful login', '2026-06-15 22:54:21'),
(866, 24, 'Login', 'Successful login', '2026-06-15 22:58:08'),
(867, 24, 'Login', 'Successful login', '2026-06-15 22:58:34');
INSERT INTO `user_activity` (`activity_id`, `user_id`, `activity_type`, `description`, `created_at`) VALUES
(868, 24, 'Login', 'Successful login', '2026-06-15 22:59:46'),
(869, 24, 'Login', 'Successful login', '2026-06-15 23:00:01'),
(870, 24, 'Login', 'Successful login', '2026-06-15 23:00:40'),
(871, 24, 'Login', 'Successful login', '2026-06-15 23:01:44'),
(872, 24, 'Login', 'Successful login', '2026-06-15 23:02:08'),
(873, 24, 'Login', 'Successful login', '2026-06-15 23:06:57'),
(874, 24, 'Login', 'Successful login', '2026-06-15 23:08:12'),
(875, 24, 'Login', 'Successful login', '2026-06-15 23:09:09'),
(876, 24, 'Login', 'Successful login', '2026-06-15 23:09:54'),
(877, 24, 'Login', 'Successful login', '2026-06-15 23:11:39'),
(878, 24, 'Login', 'Successful login', '2026-06-15 23:12:10'),
(879, 24, 'Login', 'Successful login', '2026-06-15 23:12:35'),
(880, 24, 'Login', 'Successful login', '2026-06-15 23:13:19'),
(881, 24, 'Login', 'Successful login', '2026-06-15 23:14:32'),
(882, 24, 'Login', 'Successful login', '2026-06-15 23:14:50'),
(883, 24, 'Login', 'Successful login', '2026-06-15 23:15:44'),
(884, 24, 'Login', 'Successful login', '2026-06-15 23:16:31'),
(885, 16, 'Login', 'Successful login', '2026-06-15 23:16:56'),
(886, 24, 'Login', 'Successful login', '2026-06-15 23:17:12'),
(887, 16, 'Login', 'Successful login', '2026-06-15 23:18:22'),
(888, 24, 'Login', 'Successful login', '2026-06-15 23:18:48'),
(889, 22, 'Login', 'Successful login', '2026-06-15 23:25:29'),
(890, 16, 'Login', 'Successful login', '2026-06-15 23:27:15'),
(891, 16, 'Login', 'Successful login', '2026-06-15 23:27:27'),
(892, 21, 'Login', 'Successful login', '2026-06-15 23:29:06'),
(893, 16, 'Login', 'Successful login', '2026-06-16 16:50:04'),
(894, 24, 'Login', 'Successful login', '2026-06-16 16:50:40'),
(895, 16, 'Login', 'Successful login', '2026-06-16 16:51:00'),
(896, 24, 'Login', 'Successful login', '2026-06-16 16:51:13'),
(897, 16, 'Login', 'Successful login', '2026-06-16 17:10:59'),
(898, 18, 'Login', 'Successful login', '2026-06-16 17:11:22'),
(899, 32, 'Login', 'Successful login', '2026-06-16 17:12:06'),
(900, 16, 'Login', 'Successful login', '2026-06-16 17:21:03'),
(901, 16, 'Delete User', 'Soft-deleted user: CICTE@gmail.com', '2026-06-16 17:31:17'),
(902, 16, 'Delete User', 'Soft-deleted user: cicte_department', '2026-06-16 17:31:23'),
(903, 16, 'Delete User', 'Soft-deleted user: conahs_department', '2026-06-16 17:35:03'),
(904, 22, 'Login', 'Successful login', '2026-06-16 17:37:29'),
(905, 16, 'Login', 'Successful login', '2026-06-16 17:38:38'),
(906, 16, 'Login', 'Successful login', '2026-06-16 17:43:53'),
(907, 24, 'Login', 'Successful login', '2026-06-16 17:44:07'),
(908, 16, 'Login', 'Successful login', '2026-06-16 17:47:57'),
(909, 16, 'Login', 'Successful login', '2026-06-16 17:54:05'),
(910, 18, 'Login', 'Successful login', '2026-06-16 17:56:10'),
(911, 16, 'Login', 'Successful login', '2026-06-16 17:56:45'),
(912, 16, 'Delete Department', 'Deleted department: Sample', '2026-06-16 17:56:57'),
(913, 32, 'Login', 'Successful login', '2026-06-16 20:24:19'),
(914, 32, 'Login', 'Successful login', '2026-06-16 20:24:38'),
(915, 32, 'Login', 'Successful login', '2026-06-16 20:25:51'),
(916, 16, 'Login', 'Successful login', '2026-06-16 20:27:45'),
(917, 16, 'Delete Department', 'Deleted department: CICTE', '2026-06-16 20:28:41'),
(918, 32, 'Login', 'Successful login', '2026-06-16 20:30:05'),
(919, 33, 'Login', 'Successful login', '2026-06-16 20:30:17'),
(920, 32, 'Login', 'Successful login', '2026-06-16 20:30:38'),
(921, 16, 'Login', 'Successful login', '2026-06-16 20:31:02'),
(922, 18, 'Login', 'Successful login', '2026-06-16 20:31:15'),
(923, 16, 'Login', 'Successful login', '2026-06-16 20:31:38'),
(924, 16, 'Delete User', 'Soft-deleted user: conahs_department', '2026-06-16 20:31:47'),
(925, 16, 'Edit Department', 'Updated department account: College of Nursing and Allied Health Sciences → College of Nursing and Allied Health Sciences (CONAHS)', '2026-06-16 20:32:19'),
(926, 18, 'Login', 'Successful login', '2026-06-16 20:45:44'),
(927, 32, 'Login', 'Successful login', '2026-06-16 21:00:04'),
(928, 16, 'Login', 'Successful login', '2026-06-16 21:28:38'),
(929, 32, 'Login', 'Successful login', '2026-06-16 21:29:19'),
(930, 22, 'Login', 'Successful login', '2026-06-16 23:45:42'),
(931, 26, 'Login', 'Successful login', '2026-06-16 23:46:32'),
(932, 26, 'Login', 'Successful login', '2026-06-17 13:59:09'),
(933, 26, 'Login', 'Successful login', '2026-06-17 14:55:32'),
(934, 32, 'Login', 'Successful login', '2026-06-17 14:56:44'),
(935, 26, 'Login', 'Successful login', '2026-06-17 15:04:18'),
(936, 22, 'Login', 'Successful login', '2026-06-17 15:04:39'),
(937, 32, 'Login', 'Successful login', '2026-06-17 15:05:53'),
(938, 26, 'Login', 'Successful login', '2026-06-17 15:16:33'),
(939, 22, 'Login', 'Successful login', '2026-06-17 15:17:16'),
(940, 32, 'Login', 'Successful login', '2026-06-17 15:17:33'),
(941, 22, 'Login', 'Successful login', '2026-06-17 15:18:31'),
(942, 26, 'Login', 'Successful login', '2026-06-17 15:19:39'),
(943, 32, 'Login', 'Successful login', '2026-06-17 15:23:17'),
(944, 16, 'Login', 'Successful login', '2026-06-17 15:24:29'),
(945, 22, 'Login', 'Successful login', '2026-06-17 15:25:09'),
(946, 16, 'Login', 'Successful login', '2026-06-17 15:32:23'),
(947, 32, 'Login', 'Successful login', '2026-06-17 15:33:11'),
(948, 32, 'Login', 'Successful login', '2026-06-17 19:48:39'),
(949, 22, 'Login', 'Successful login', '2026-06-17 19:50:22'),
(950, 16, 'Login', 'Successful login', '2026-06-17 19:50:50'),
(951, 21, 'Login', 'Successful login', '2026-06-17 19:55:39'),
(952, 24, 'Login', 'Successful login', '2026-06-17 19:57:09'),
(953, 32, 'Login', 'Successful login', '2026-06-17 20:03:36'),
(954, 22, 'Login', 'Successful login', '2026-06-17 20:08:04'),
(955, 21, 'Login', 'Successful login', '2026-06-17 20:08:37'),
(956, 24, 'Login', 'Successful login', '2026-06-17 20:09:12'),
(957, 16, 'Login', 'Successful login', '2026-06-17 20:09:38'),
(958, 24, 'Login', 'Successful login', '2026-06-17 20:10:07'),
(959, 21, 'Login', 'Successful login', '2026-06-17 20:10:39'),
(960, 32, 'Login', 'Successful login', '2026-06-17 20:11:35'),
(961, 16, 'Login', 'Successful login', '2026-06-17 20:13:37'),
(962, 33, 'Login', 'Successful login', '2026-06-17 20:20:01'),
(963, 32, 'Login', 'Successful login', '2026-06-17 20:42:39'),
(964, 32, 'Login', 'Successful login', '2026-06-17 23:55:15'),
(965, 16, 'Login', 'Successful login', '2026-06-17 23:58:33'),
(966, 32, 'Login', 'Successful login', '2026-06-17 23:59:12'),
(967, 22, 'Login', 'Successful login', '2026-06-18 00:03:32'),
(968, 26, 'Login', 'Successful login', '2026-06-18 00:04:13'),
(969, 16, 'Login', 'Successful login', '2026-06-18 10:13:45'),
(970, 32, 'Login', 'Successful login', '2026-06-18 10:14:16'),
(971, 16, 'Login', 'Successful login', '2026-06-18 10:14:35'),
(972, 16, 'Add Department', 'Added department account: Inventory Office (INVENTORY) — user #37', '2026-06-18 10:15:48'),
(973, 16, 'Add Facility', 'Added facility in dept 3: WLC Main Buiding / Inventory Office (WLC-INV-A)', '2026-06-18 10:18:53'),
(974, 16, 'Delete User', 'Soft-deleted user: Dean@gmail.com', '2026-06-18 10:28:33'),
(975, 16, 'Login', 'Successful login', '2026-06-18 11:28:34'),
(976, 16, 'Add User', 'Created new user: inventory@gmail.com', '2026-06-18 11:32:07'),
(977, 38, 'Login', 'Successful login', '2026-06-18 11:32:34'),
(978, 16, 'Login', 'Successful login', '2026-06-18 11:32:54'),
(979, 16, 'Edit User', 'Updated user (inventory@gmail.com) → profile/account fields changed.', '2026-06-18 11:34:03'),
(980, 38, 'Login', 'Successful login', '2026-06-18 11:34:19'),
(981, 16, 'Login', 'Successful login', '2026-06-18 11:34:35'),
(982, 37, 'Login', 'Successful login', '2026-06-18 11:57:58'),
(983, 32, 'Login', 'Successful login', '2026-06-18 11:59:19'),
(984, 22, 'Login', 'Successful login', '2026-06-18 14:01:16'),
(985, 32, 'Login', 'Successful login', '2026-06-18 14:05:14'),
(986, 22, 'Login', 'Successful login', '2026-06-18 14:05:38'),
(987, 26, 'Login', 'Successful login', '2026-06-18 14:18:11'),
(988, 22, 'Login', 'Successful login', '2026-06-18 14:20:37'),
(989, 32, 'Login', 'Successful login', '2026-06-18 14:21:13'),
(990, 22, 'Login', 'Successful login', '2026-06-18 14:21:41'),
(991, 32, 'Failed Login', 'Failed login attempt for cicte_department: Invalid email or password', '2026-06-18 14:48:21'),
(992, 32, 'Login', 'Successful login', '2026-06-18 14:48:31'),
(993, 32, 'Login', 'Successful login', '2026-06-18 14:48:59'),
(994, 22, 'Login', 'Successful login', '2026-06-18 14:52:58'),
(995, 21, 'Login', 'Successful login', '2026-06-18 14:57:47'),
(996, 24, 'Login', 'Successful login', '2026-06-18 14:58:26'),
(997, 32, 'Login', 'Successful login', '2026-06-18 14:58:54'),
(998, 22, 'Login', 'Successful login', '2026-06-18 15:01:14'),
(999, 16, 'Login', 'Successful login', '2026-06-18 15:03:05'),
(1000, 24, 'Login', 'Successful login', '2026-06-18 15:03:55'),
(1001, 21, 'Login', 'Successful login', '2026-06-18 15:04:42'),
(1002, 32, 'Login', 'Successful login', '2026-06-18 15:11:12'),
(1003, 21, 'Login', 'Successful login', '2026-06-18 15:18:20'),
(1004, 32, 'Login', 'Successful login', '2026-06-18 15:26:33'),
(1005, 16, 'Login', 'Successful login', '2026-06-18 15:27:25'),
(1006, 16, 'Add Inventory', 'Added inventory: Computer Set 1', '2026-06-18 15:41:30'),
(1007, 16, 'Add Inventory', 'Added inventory: Computer Set 2', '2026-06-18 15:41:52'),
(1008, 16, 'Edit Supplier', 'Updated supplier: thea cassandra → ABT shop', '2026-06-18 16:24:09'),
(1009, 16, 'Delete Supplier', 'Deleted supplier: thea', '2026-06-18 16:24:56'),
(1010, 16, 'Delete Supplier', 'Deleted supplier: another sample', '2026-06-18 16:25:09'),
(1011, 16, 'Delete Supplier', 'Deleted supplier: rex', '2026-06-18 16:25:28'),
(1012, 16, 'Delete Supplier', 'Deleted supplier: Samsung', '2026-06-18 16:25:33'),
(1013, 32, 'Login', 'Successful login', '2026-06-18 17:48:12'),
(1014, 16, 'Login', 'Successful login', '2026-06-18 17:48:36'),
(1015, 21, 'Login', 'Successful login', '2026-06-18 17:50:01'),
(1016, 32, 'Login', 'Successful login', '2026-06-18 17:50:37'),
(1017, 32, 'Login', 'Successful login', '2026-06-18 17:51:52'),
(1018, 32, 'Login', 'Successful login', '2026-06-18 17:57:39'),
(1019, 16, 'Login', 'Successful login', '2026-06-18 17:58:13'),
(1020, 32, 'Login', 'Successful login', '2026-06-18 17:58:47'),
(1021, 22, 'Login', 'Successful login', '2026-06-18 18:02:35'),
(1022, 26, 'Login', 'Successful login', '2026-06-18 18:05:21'),
(1023, 22, 'Login', 'Successful login', '2026-06-18 18:08:26'),
(1024, 21, 'Login', 'Successful login', '2026-06-18 18:09:21'),
(1025, 24, 'Login', 'Successful login', '2026-06-18 18:10:52'),
(1026, 16, 'Login', 'Successful login', '2026-06-18 18:12:16'),
(1027, 24, 'Login', 'Successful login', '2026-06-18 18:13:32'),
(1028, 21, 'Login', 'Successful login', '2026-06-18 18:15:08'),
(1029, 32, 'Login', 'Successful login', '2026-06-18 18:19:35'),
(1030, 16, 'Login', 'Successful login', '2026-06-18 18:21:03'),
(1031, 16, 'Login', 'Successful login', '2026-06-21 17:14:02'),
(1032, 32, 'Login', 'Successful login', '2026-06-21 17:43:06'),
(1033, 16, 'Login', 'Successful login', '2026-06-22 09:46:09'),
(1034, 16, 'Add Department', 'Added department account: College of Accountancy and Business (COAB) — user #39', '2026-06-22 09:48:51'),
(1035, 39, 'Login', 'Successful login', '2026-06-22 09:49:20'),
(1036, 32, 'Login', 'Successful login', '2026-06-22 09:50:39'),
(1037, 16, 'Login', 'Successful login', '2026-06-22 09:51:00'),
(1038, 32, 'Login', 'Successful login', '2026-06-22 21:11:17'),
(1039, 16, 'Login', 'Successful login', '2026-06-22 21:32:02');

-- --------------------------------------------------------

--
-- Table structure for table `user_notifications`
--

CREATE TABLE `user_notifications` (
  `notification_id` int(10) UNSIGNED NOT NULL,
  `user_id` int(11) NOT NULL,
  `purchase_order_id` int(10) UNSIGNED DEFAULT NULL,
  `requisition_id` int(11) DEFAULT NULL,
  `type` varchar(50) NOT NULL,
  `meta_json` longtext CHARACTER SET utf8mb4 COLLATE utf8mb4_bin DEFAULT NULL CHECK (json_valid(`meta_json`)),
  `is_read` tinyint(1) NOT NULL DEFAULT 0,
  `read_at` datetime DEFAULT NULL,
  `created_at` datetime NOT NULL DEFAULT current_timestamp()
) ENGINE=InnoDB DEFAULT CHARSET=utf8mb4 COLLATE=utf8mb4_unicode_ci;

--
-- Dumping data for table `user_notifications`
--

INSERT INTO `user_notifications` (`notification_id`, `user_id`, `purchase_order_id`, `requisition_id`, `type`, `meta_json`, `is_read`, `read_at`, `created_at`) VALUES
(1, 32, 5, 31, 'payment_ready', '{\"po_number\":\"PO-000005\",\"requester_full_name\":\"College of Information Communications Technology and Engineering\",\"net_payable\":38220}', 1, '2026-06-13 22:05:30', '2026-06-13 21:56:05'),
(2, 32, 6, 32, 'payment_ready', '{\"po_number\":\"PO-000006\",\"requester_full_name\":\"College of Information Communications Technology and Engineering\",\"net_payable\":34749}', 1, '2026-06-13 23:28:37', '2026-06-13 23:28:13'),
(3, 32, 7, 33, 'payment_ready', '{\"po_number\":\"PO-000007\",\"requester_full_name\":\"College of Information Communications Technology and Engineering\",\"net_payable\":1300}', 1, '2026-06-17 15:18:04', '2026-06-15 14:16:16'),
(4, 33, 8, 34, 'payment_ready', '{\"po_number\":\"PO-000008\",\"requester_full_name\":\"College of Nursing and Allied Health Sciences\",\"net_payable\":22000}', 1, '2026-06-15 15:46:14', '2026-06-15 15:37:31'),
(5, 33, 8, 34, 'payment_ready', '{\"po_number\":\"PO-000008\",\"requester_full_name\":\"College of Nursing and Allied Health Sciences\",\"net_payable\":21560}', 1, '2026-06-15 15:42:26', '2026-06-15 15:38:23'),
(6, 33, 8, 34, 'payment_ready', '{\"po_number\":\"PO-000008\",\"requester_full_name\":\"College of Nursing and Allied Health Sciences\",\"net_payable\":22000}', 1, '2026-06-17 20:32:35', '2026-06-15 15:39:23'),
(7, 32, 9, 35, 'payment_ready', '{\"po_number\":\"PO-000009\",\"requester_full_name\":\"College of Information Communications Technology and Engineering\",\"net_payable\":1200}', 1, '2026-06-17 20:11:41', '2026-06-17 20:11:17'),
(8, 32, 10, 36, 'payment_ready', '{\"po_number\":\"PO-000010\",\"requester_full_name\":\"College of Information Communications Technology and Engineering\",\"net_payable\":4275}', 1, '2026-06-18 15:11:22', '2026-06-18 15:05:30'),
(9, 32, 10, 36, 'payment_ready', '{\"po_number\":\"PO-000010\",\"requester_full_name\":\"College of Information Communications Technology and Engineering\",\"net_payable\":4275}', 1, '2026-06-18 15:26:52', '2026-06-18 15:19:01'),
(10, 32, 10, 36, 'payment_ready', '{\"po_number\":\"PO-000010\",\"requester_full_name\":\"College of Information Communications Technology and Engineering\",\"net_payable\":4275}', 1, '2026-06-18 15:26:50', '2026-06-18 15:19:56'),
(11, 32, 10, 36, 'payment_ready', '{\"po_number\":\"PO-000010\",\"requester_full_name\":\"College of Information Communications Technology and Engineering\",\"net_payable\":4275}', 1, '2026-06-18 15:26:50', '2026-06-18 15:26:17'),
(12, 32, 11, 37, 'payment_ready', '{\"po_number\":\"PO-000011\",\"requester_full_name\":\"College of Information Communications Technology and Engineering\",\"net_payable\":68400}', 1, '2026-06-21 17:43:17', '2026-06-18 18:19:24');

--
-- Indexes for dumped tables
--

--
-- Indexes for table `canvasser_action_history`
--
ALTER TABLE `canvasser_action_history`
  ADD PRIMARY KEY (`id`),
  ADD KEY `idx_cavh_request` (`request_id`),
  ADD KEY `idx_cavh_user` (`user_id`);

--
-- Indexes for table `canvass_supplier_discounts`
--
ALTER TABLE `canvass_supplier_discounts`
  ADD PRIMARY KEY (`id`),
  ADD KEY `idx_csd_canvass_supplier` (`canvass_supplier_id`);

--
-- Indexes for table `canvass_verification_approval`
--
ALTER TABLE `canvass_verification_approval`
  ADD PRIMARY KEY (`request_id`),
  ADD KEY `idx_cva_canvas_assignee` (`canvas_assignee_user_id`),
  ADD KEY `idx_cva_suggested_supplier` (`suggested_supplier_id`),
  ADD KEY `idx_canvass_submission_status` (`canvas_submission_status`);

--
-- Indexes for table `comptroller_action_history`
--
ALTER TABLE `comptroller_action_history`
  ADD PRIMARY KEY (`id`),
  ADD KEY `idx_cah_request` (`request_id`),
  ADD KEY `idx_cah_user` (`user_id`);

--
-- Indexes for table `facilities`
--
ALTER TABLE `facilities`
  ADD PRIMARY KEY (`facility_id`),
  ADD KEY `department_id` (`office_id`);

--
-- Indexes for table `gsd_action_history`
--
ALTER TABLE `gsd_action_history`
  ADD PRIMARY KEY (`id`),
  ADD KEY `idx_gah_request` (`request_id`),
  ADD KEY `idx_gah_user` (`user_id`);

--
-- Indexes for table `inventory`
--
ALTER TABLE `inventory`
  ADD PRIMARY KEY (`inventory_id`),
  ADD KEY `user_id` (`user_id`),
  ADD KEY `request_id` (`request_id`),
  ADD KEY `facility_id` (`facility_id`);

--
-- Indexes for table `items`
--
ALTER TABLE `items`
  ADD PRIMARY KEY (`item_id`),
  ADD KEY `supplier_id` (`supplier_id`);

--
-- Indexes for table `item_components`
--
ALTER TABLE `item_components`
  ADD PRIMARY KEY (`component_id`),
  ADD UNIQUE KEY `parent_item_id` (`parent_item_id`,`component_item_id`),
  ADD KEY `component_item_id` (`component_item_id`);

--
-- Indexes for table `item_supplier`
--
ALTER TABLE `item_supplier`
  ADD PRIMARY KEY (`item_supplier_id`),
  ADD UNIQUE KEY `uq_item_supplier` (`item_id`,`supplier_id`),
  ADD KEY `idx_item_supplier_item` (`item_id`),
  ADD KEY `idx_item_supplier_supplier` (`supplier_id`);

--
-- Indexes for table `log_history`
--
ALTER TABLE `log_history`
  ADD PRIMARY KEY (`log_id`),
  ADD KEY `user_id` (`user_id`);

--
-- Indexes for table `notification_views`
--
ALTER TABLE `notification_views`
  ADD PRIMARY KEY (`notification_view_id`),
  ADD UNIQUE KEY `idx_user_request_key` (`user_id`,`request_id`,`notification_key`),
  ADD KEY `idx_user_key` (`user_id`,`notification_key`),
  ADD KEY `idx_request` (`request_id`);

--
-- Indexes for table `offices`
--
ALTER TABLE `offices`
  ADD PRIMARY KEY (`office_id`),
  ADD KEY `idx_dept_default_lab_manager` (`default_lab_manager_user_id`);

--
-- Indexes for table `president_action_history`
--
ALTER TABLE `president_action_history`
  ADD PRIMARY KEY (`id`),
  ADD KEY `idx_pah_request` (`request_id`),
  ADD KEY `idx_pah_user` (`user_id`);

--
-- Indexes for table `purchase_orders`
--
ALTER TABLE `purchase_orders`
  ADD PRIMARY KEY (`id`),
  ADD UNIQUE KEY `uq_purchase_orders_po_number` (`po_number`),
  ADD KEY `idx_purchase_orders_requisition` (`requisition_id`),
  ADD KEY `idx_purchase_orders_status` (`status`),
  ADD KEY `idx_purchase_orders_deleted` (`deleted_at`),
  ADD KEY `fk_po_requested_by` (`requested_by_user_id`),
  ADD KEY `fk_po_facility` (`facility_id`),
  ADD KEY `fk_po_supplier` (`supplier_id`),
  ADD KEY `fk_po_created_by` (`created_by_user_id`);

--
-- Indexes for table `purchase_order_lines`
--
ALTER TABLE `purchase_order_lines`
  ADD PRIMARY KEY (`id`),
  ADD KEY `idx_po_lines_order` (`purchase_order_id`,`sort_order`);

--
-- Indexes for table `purchase_order_taxes`
--
ALTER TABLE `purchase_order_taxes`
  ADD PRIMARY KEY (`id`),
  ADD KEY `idx_po_taxes_po` (`purchase_order_id`),
  ADD KEY `fk_po_taxes_computed_by` (`computed_by`);

--
-- Indexes for table `purchase_requisition_approval`
--
ALTER TABLE `purchase_requisition_approval`
  ADD PRIMARY KEY (`request_id`),
  ADD KEY `idx_pr_submission_status` (`pr_submission_status`);

--
-- Indexes for table `purchase_requisition_audit`
--
ALTER TABLE `purchase_requisition_audit`
  ADD PRIMARY KEY (`purchase_audit_id`),
  ADD KEY `idx_pra_request` (`request_id`),
  ADD KEY `idx_pra_generated_by` (`generated_by_user_id`);

--
-- Indexes for table `purchase_requisition_audit_item`
--
ALTER TABLE `purchase_requisition_audit_item`
  ADD PRIMARY KEY (`purchase_audit_item_id`),
  ADD KEY `idx_prai_audit` (`purchase_audit_id`);

--
-- Indexes for table `request_approval_suggested_supplier_item`
--
ALTER TABLE `request_approval_suggested_supplier_item`
  ADD PRIMARY KEY (`suggested_item_id`),
  ADD UNIQUE KEY `uq_req_canvass_detail` (`request_id`,`canvass_detail_id`),
  ADD KEY `idx_rassi_request` (`request_id`),
  ADD KEY `idx_rassi_supplier` (`supplier_id`),
  ADD KEY `fk_rassi_canvass_detail` (`canvass_detail_id`),
  ADD KEY `fk_rassi_user` (`selected_by_user_id`);

--
-- Indexes for table `requisition_canvass_detail`
--
ALTER TABLE `requisition_canvass_detail`
  ADD PRIMARY KEY (`canvass_detail_id`),
  ADD KEY `idx_rcd_request` (`request_id`),
  ADD KEY `idx_rcd_line` (`requisition_line_id`),
  ADD KEY `idx_rcd_user` (`user_id`),
  ADD KEY `idx_canvass_detail_submission_status` (`canvass_submission_status`);

--
-- Indexes for table `requisition_canvass_detail_supplier`
--
ALTER TABLE `requisition_canvass_detail_supplier`
  ADD PRIMARY KEY (`canvass_detail_supplier_id`),
  ADD UNIQUE KEY `uq_canvass_detail_supplier` (`canvass_detail_id`,`supplier_id`),
  ADD KEY `idx_cds_supplier` (`supplier_id`);

--
-- Indexes for table `requisition_form_approval`
--
ALTER TABLE `requisition_form_approval`
  ADD PRIMARY KEY (`request_id`);

--
-- Indexes for table `requisition_item`
--
ALTER TABLE `requisition_item`
  ADD PRIMARY KEY (`request_id`),
  ADD KEY `user_id` (`user_id`),
  ADD KEY `department_id` (`office_id`),
  ADD KEY `facility_id` (`facility_id`),
  ADD KEY `idx_requisition_submission_status` (`submission_status`);

--
-- Indexes for table `requisition_line`
--
ALTER TABLE `requisition_line`
  ADD PRIMARY KEY (`requisition_line_id`),
  ADD KEY `idx_rl_request` (`request_id`),
  ADD KEY `idx_rl_item` (`item_id`);

--
-- Indexes for table `requisition_line_awards`
--
ALTER TABLE `requisition_line_awards`
  ADD PRIMARY KEY (`award_id`),
  ADD UNIQUE KEY `uq_line_award` (`requisition_line_id`),
  ADD KEY `idx_rla_line` (`requisition_line_id`),
  ADD KEY `idx_rla_quote` (`quote_id`),
  ADD KEY `idx_rla_supplier` (`supplier_id`),
  ADD KEY `fk_rla_awarded_by` (`awarded_by_user_id`);

--
-- Indexes for table `requisition_line_quotes`
--
ALTER TABLE `requisition_line_quotes`
  ADD PRIMARY KEY (`quote_id`),
  ADD UNIQUE KEY `uq_line_supplier` (`requisition_line_id`,`supplier_id`,`quote_type`),
  ADD KEY `idx_rlq_line` (`requisition_line_id`),
  ADD KEY `idx_rlq_supplier` (`supplier_id`);

--
-- Indexes for table `requisition_preferred_supplier_item`
--
ALTER TABLE `requisition_preferred_supplier_item`
  ADD PRIMARY KEY (`preferred_supplier_item_id`),
  ADD UNIQUE KEY `uq_rpsi_request_supplier_sort` (`request_id`,`supplier_id`,`sort_order`),
  ADD KEY `idx_rpsi_supplier` (`supplier_id`);

--
-- Indexes for table `suppliers`
--
ALTER TABLE `suppliers`
  ADD PRIMARY KEY (`supplier_id`);

--
-- Indexes for table `units`
--
ALTER TABLE `units`
  ADD PRIMARY KEY (`unit_id`);

--
-- Indexes for table `user`
--
ALTER TABLE `user`
  ADD PRIMARY KEY (`user_id`),
  ADD UNIQUE KEY `ux_users_email` (`Email`),
  ADD KEY `department_id` (`office_id`),
  ADD KEY `idx_users_department_id` (`office_id`),
  ADD KEY `idx_users_account_status` (`account_status`),
  ADD KEY `idx_users_deleted_at` (`deleted_at`);

--
-- Indexes for table `user_activity`
--
ALTER TABLE `user_activity`
  ADD PRIMARY KEY (`activity_id`),
  ADD KEY `user_id` (`user_id`);

--
-- Indexes for table `user_notifications`
--
ALTER TABLE `user_notifications`
  ADD PRIMARY KEY (`notification_id`),
  ADD KEY `idx_user_notifications_user_read` (`user_id`,`is_read`,`created_at`),
  ADD KEY `idx_user_notifications_po` (`purchase_order_id`);

--
-- AUTO_INCREMENT for dumped tables
--

--
-- AUTO_INCREMENT for table `canvasser_action_history`
--
ALTER TABLE `canvasser_action_history`
  MODIFY `id` int(11) NOT NULL AUTO_INCREMENT, AUTO_INCREMENT=38;

--
-- AUTO_INCREMENT for table `canvass_supplier_discounts`
--
ALTER TABLE `canvass_supplier_discounts`
  MODIFY `id` int(11) NOT NULL AUTO_INCREMENT, AUTO_INCREMENT=10;

--
-- AUTO_INCREMENT for table `comptroller_action_history`
--
ALTER TABLE `comptroller_action_history`
  MODIFY `id` int(11) NOT NULL AUTO_INCREMENT, AUTO_INCREMENT=44;

--
-- AUTO_INCREMENT for table `facilities`
--
ALTER TABLE `facilities`
  MODIFY `facility_id` int(11) NOT NULL AUTO_INCREMENT, AUTO_INCREMENT=13;

--
-- AUTO_INCREMENT for table `gsd_action_history`
--
ALTER TABLE `gsd_action_history`
  MODIFY `id` int(11) NOT NULL AUTO_INCREMENT, AUTO_INCREMENT=42;

--
-- AUTO_INCREMENT for table `inventory`
--
ALTER TABLE `inventory`
  MODIFY `inventory_id` int(11) NOT NULL AUTO_INCREMENT, AUTO_INCREMENT=56;

--
-- AUTO_INCREMENT for table `items`
--
ALTER TABLE `items`
  MODIFY `item_id` int(11) NOT NULL AUTO_INCREMENT, AUTO_INCREMENT=12;

--
-- AUTO_INCREMENT for table `item_components`
--
ALTER TABLE `item_components`
  MODIFY `component_id` int(11) NOT NULL AUTO_INCREMENT, AUTO_INCREMENT=77;

--
-- AUTO_INCREMENT for table `item_supplier`
--
ALTER TABLE `item_supplier`
  MODIFY `item_supplier_id` int(11) NOT NULL AUTO_INCREMENT, AUTO_INCREMENT=3;

--
-- AUTO_INCREMENT for table `log_history`
--
ALTER TABLE `log_history`
  MODIFY `log_id` int(11) NOT NULL AUTO_INCREMENT, AUTO_INCREMENT=861;

--
-- AUTO_INCREMENT for table `notification_views`
--
ALTER TABLE `notification_views`
  MODIFY `notification_view_id` int(11) NOT NULL AUTO_INCREMENT;

--
-- AUTO_INCREMENT for table `offices`
--
ALTER TABLE `offices`
  MODIFY `office_id` int(11) NOT NULL AUTO_INCREMENT, AUTO_INCREMENT=30;

--
-- AUTO_INCREMENT for table `president_action_history`
--
ALTER TABLE `president_action_history`
  MODIFY `id` int(11) NOT NULL AUTO_INCREMENT, AUTO_INCREMENT=33;

--
-- AUTO_INCREMENT for table `purchase_orders`
--
ALTER TABLE `purchase_orders`
  MODIFY `id` int(10) UNSIGNED NOT NULL AUTO_INCREMENT, AUTO_INCREMENT=12;

--
-- AUTO_INCREMENT for table `purchase_order_lines`
--
ALTER TABLE `purchase_order_lines`
  MODIFY `id` int(10) UNSIGNED NOT NULL AUTO_INCREMENT, AUTO_INCREMENT=26;

--
-- AUTO_INCREMENT for table `purchase_order_taxes`
--
ALTER TABLE `purchase_order_taxes`
  MODIFY `id` int(10) UNSIGNED NOT NULL AUTO_INCREMENT, AUTO_INCREMENT=12;

--
-- AUTO_INCREMENT for table `purchase_requisition_audit`
--
ALTER TABLE `purchase_requisition_audit`
  MODIFY `purchase_audit_id` int(11) NOT NULL AUTO_INCREMENT, AUTO_INCREMENT=68;

--
-- AUTO_INCREMENT for table `purchase_requisition_audit_item`
--
ALTER TABLE `purchase_requisition_audit_item`
  MODIFY `purchase_audit_item_id` int(11) NOT NULL AUTO_INCREMENT, AUTO_INCREMENT=99;

--
-- AUTO_INCREMENT for table `request_approval_suggested_supplier_item`
--
ALTER TABLE `request_approval_suggested_supplier_item`
  MODIFY `suggested_item_id` int(11) NOT NULL AUTO_INCREMENT, AUTO_INCREMENT=209;

--
-- AUTO_INCREMENT for table `requisition_canvass_detail`
--
ALTER TABLE `requisition_canvass_detail`
  MODIFY `canvass_detail_id` int(11) NOT NULL AUTO_INCREMENT, AUTO_INCREMENT=561;

--
-- AUTO_INCREMENT for table `requisition_canvass_detail_supplier`
--
ALTER TABLE `requisition_canvass_detail_supplier`
  MODIFY `canvass_detail_supplier_id` int(11) NOT NULL AUTO_INCREMENT, AUTO_INCREMENT=133;

--
-- AUTO_INCREMENT for table `requisition_item`
--
ALTER TABLE `requisition_item`
  MODIFY `request_id` int(11) NOT NULL AUTO_INCREMENT, AUTO_INCREMENT=38;

--
-- AUTO_INCREMENT for table `requisition_line`
--
ALTER TABLE `requisition_line`
  MODIFY `requisition_line_id` int(11) NOT NULL AUTO_INCREMENT, AUTO_INCREMENT=89;

--
-- AUTO_INCREMENT for table `requisition_line_awards`
--
ALTER TABLE `requisition_line_awards`
  MODIFY `award_id` int(11) NOT NULL AUTO_INCREMENT, AUTO_INCREMENT=32;

--
-- AUTO_INCREMENT for table `requisition_line_quotes`
--
ALTER TABLE `requisition_line_quotes`
  MODIFY `quote_id` int(11) NOT NULL AUTO_INCREMENT, AUTO_INCREMENT=67;

--
-- AUTO_INCREMENT for table `requisition_preferred_supplier_item`
--
ALTER TABLE `requisition_preferred_supplier_item`
  MODIFY `preferred_supplier_item_id` int(11) NOT NULL AUTO_INCREMENT, AUTO_INCREMENT=408;

--
-- AUTO_INCREMENT for table `suppliers`
--
ALTER TABLE `suppliers`
  MODIFY `supplier_id` int(11) NOT NULL AUTO_INCREMENT, AUTO_INCREMENT=23;

--
-- AUTO_INCREMENT for table `units`
--
ALTER TABLE `units`
  MODIFY `unit_id` int(11) NOT NULL AUTO_INCREMENT, AUTO_INCREMENT=5;

--
-- AUTO_INCREMENT for table `user`
--
ALTER TABLE `user`
  MODIFY `user_id` int(11) NOT NULL AUTO_INCREMENT, AUTO_INCREMENT=40;

--
-- AUTO_INCREMENT for table `user_activity`
--
ALTER TABLE `user_activity`
  MODIFY `activity_id` int(11) NOT NULL AUTO_INCREMENT, AUTO_INCREMENT=1040;

--
-- AUTO_INCREMENT for table `user_notifications`
--
ALTER TABLE `user_notifications`
  MODIFY `notification_id` int(10) UNSIGNED NOT NULL AUTO_INCREMENT, AUTO_INCREMENT=13;

--
-- Constraints for dumped tables
--

--
-- Constraints for table `canvasser_action_history`
--
ALTER TABLE `canvasser_action_history`
  ADD CONSTRAINT `canvasser_action_history_ibfk_1` FOREIGN KEY (`request_id`) REFERENCES `requisition_item` (`request_id`) ON UPDATE CASCADE,
  ADD CONSTRAINT `canvasser_action_history_ibfk_2` FOREIGN KEY (`user_id`) REFERENCES `user` (`user_id`) ON UPDATE CASCADE;

--
-- Constraints for table `canvass_supplier_discounts`
--
ALTER TABLE `canvass_supplier_discounts`
  ADD CONSTRAINT `csd_fk_matrix` FOREIGN KEY (`canvass_supplier_id`) REFERENCES `requisition_canvass_detail_supplier` (`canvass_detail_supplier_id`) ON DELETE CASCADE ON UPDATE CASCADE;

--
-- Constraints for table `canvass_verification_approval`
--
ALTER TABLE `canvass_verification_approval`
  ADD CONSTRAINT `fk_cva_request` FOREIGN KEY (`request_id`) REFERENCES `requisition_item` (`request_id`) ON DELETE CASCADE ON UPDATE CASCADE,
  ADD CONSTRAINT `fk_cva_suggested_supplier` FOREIGN KEY (`suggested_supplier_id`) REFERENCES `suppliers` (`supplier_id`) ON DELETE SET NULL ON UPDATE CASCADE;

--
-- Constraints for table `comptroller_action_history`
--
ALTER TABLE `comptroller_action_history`
  ADD CONSTRAINT `comptroller_action_history_ibfk_1` FOREIGN KEY (`request_id`) REFERENCES `requisition_item` (`request_id`) ON UPDATE CASCADE,
  ADD CONSTRAINT `comptroller_action_history_ibfk_2` FOREIGN KEY (`user_id`) REFERENCES `user` (`user_id`) ON UPDATE CASCADE;

--
-- Constraints for table `facilities`
--
ALTER TABLE `facilities`
  ADD CONSTRAINT `facilities_ibfk_office` FOREIGN KEY (`office_id`) REFERENCES `offices` (`office_id`);

--
-- Constraints for table `gsd_action_history`
--
ALTER TABLE `gsd_action_history`
  ADD CONSTRAINT `gsd_action_history_ibfk_1` FOREIGN KEY (`request_id`) REFERENCES `requisition_item` (`request_id`) ON UPDATE CASCADE,
  ADD CONSTRAINT `gsd_action_history_ibfk_2` FOREIGN KEY (`user_id`) REFERENCES `user` (`user_id`) ON UPDATE CASCADE;

--
-- Constraints for table `inventory`
--
ALTER TABLE `inventory`
  ADD CONSTRAINT `inventory_ibfk_1` FOREIGN KEY (`facility_id`) REFERENCES `facilities` (`facility_id`),
  ADD CONSTRAINT `inventory_ibfk_2` FOREIGN KEY (`user_id`) REFERENCES `user` (`user_id`);

--
-- Constraints for table `items`
--
ALTER TABLE `items`
  ADD CONSTRAINT `items_ibfk_1` FOREIGN KEY (`supplier_id`) REFERENCES `suppliers` (`supplier_id`);

--
-- Constraints for table `item_components`
--
ALTER TABLE `item_components`
  ADD CONSTRAINT `item_components_ibfk_1` FOREIGN KEY (`parent_item_id`) REFERENCES `inventory` (`inventory_id`),
  ADD CONSTRAINT `item_components_ibfk_2` FOREIGN KEY (`component_item_id`) REFERENCES `items` (`item_id`);

--
-- Constraints for table `item_supplier`
--
ALTER TABLE `item_supplier`
  ADD CONSTRAINT `item_supplier_ibfk_item` FOREIGN KEY (`item_id`) REFERENCES `items` (`item_id`) ON DELETE CASCADE ON UPDATE CASCADE,
  ADD CONSTRAINT `item_supplier_ibfk_supplier` FOREIGN KEY (`supplier_id`) REFERENCES `suppliers` (`supplier_id`) ON DELETE CASCADE ON UPDATE CASCADE;

--
-- Constraints for table `log_history`
--
ALTER TABLE `log_history`
  ADD CONSTRAINT `log_history_ibfk_1` FOREIGN KEY (`user_id`) REFERENCES `user` (`user_id`) ON DELETE CASCADE ON UPDATE CASCADE;

--
-- Constraints for table `offices`
--
ALTER TABLE `offices`
  ADD CONSTRAINT `offices_ibfk_default_lab_manager` FOREIGN KEY (`default_lab_manager_user_id`) REFERENCES `user` (`user_id`) ON DELETE SET NULL ON UPDATE CASCADE;

--
-- Constraints for table `president_action_history`
--
ALTER TABLE `president_action_history`
  ADD CONSTRAINT `president_action_history_ibfk_1` FOREIGN KEY (`request_id`) REFERENCES `requisition_item` (`request_id`) ON UPDATE CASCADE,
  ADD CONSTRAINT `president_action_history_ibfk_2` FOREIGN KEY (`user_id`) REFERENCES `user` (`user_id`) ON UPDATE CASCADE;

--
-- Constraints for table `purchase_orders`
--
ALTER TABLE `purchase_orders`
  ADD CONSTRAINT `fk_po_created_by` FOREIGN KEY (`created_by_user_id`) REFERENCES `user` (`user_id`) ON DELETE SET NULL,
  ADD CONSTRAINT `fk_po_facility` FOREIGN KEY (`facility_id`) REFERENCES `facilities` (`facility_id`) ON DELETE SET NULL,
  ADD CONSTRAINT `fk_po_requested_by` FOREIGN KEY (`requested_by_user_id`) REFERENCES `user` (`user_id`) ON DELETE SET NULL,
  ADD CONSTRAINT `fk_po_requisition` FOREIGN KEY (`requisition_id`) REFERENCES `requisition_item` (`request_id`) ON DELETE SET NULL,
  ADD CONSTRAINT `fk_po_supplier` FOREIGN KEY (`supplier_id`) REFERENCES `suppliers` (`supplier_id`) ON DELETE SET NULL;

--
-- Constraints for table `purchase_order_lines`
--
ALTER TABLE `purchase_order_lines`
  ADD CONSTRAINT `fk_po_lines_header` FOREIGN KEY (`purchase_order_id`) REFERENCES `purchase_orders` (`id`) ON DELETE CASCADE;

--
-- Constraints for table `purchase_order_taxes`
--
ALTER TABLE `purchase_order_taxes`
  ADD CONSTRAINT `fk_po_taxes_computed_by` FOREIGN KEY (`computed_by`) REFERENCES `user` (`user_id`) ON DELETE SET NULL,
  ADD CONSTRAINT `fk_po_taxes_header` FOREIGN KEY (`purchase_order_id`) REFERENCES `purchase_orders` (`id`) ON DELETE CASCADE;

--
-- Constraints for table `purchase_requisition_approval`
--
ALTER TABLE `purchase_requisition_approval`
  ADD CONSTRAINT `fk_pra_pr_request` FOREIGN KEY (`request_id`) REFERENCES `requisition_item` (`request_id`) ON DELETE CASCADE ON UPDATE CASCADE;

--
-- Constraints for table `purchase_requisition_audit`
--
ALTER TABLE `purchase_requisition_audit`
  ADD CONSTRAINT `fk_pra_generated_by` FOREIGN KEY (`generated_by_user_id`) REFERENCES `user` (`user_id`) ON UPDATE CASCADE,
  ADD CONSTRAINT `fk_pra_request` FOREIGN KEY (`request_id`) REFERENCES `requisition_item` (`request_id`) ON DELETE CASCADE ON UPDATE CASCADE;

--
-- Constraints for table `purchase_requisition_audit_item`
--
ALTER TABLE `purchase_requisition_audit_item`
  ADD CONSTRAINT `fk_prai_audit` FOREIGN KEY (`purchase_audit_id`) REFERENCES `purchase_requisition_audit` (`purchase_audit_id`) ON DELETE CASCADE ON UPDATE CASCADE;

--
-- Constraints for table `request_approval_suggested_supplier_item`
--
ALTER TABLE `request_approval_suggested_supplier_item`
  ADD CONSTRAINT `fk_rassi_canvass_detail` FOREIGN KEY (`canvass_detail_id`) REFERENCES `requisition_canvass_detail` (`canvass_detail_id`) ON DELETE CASCADE ON UPDATE CASCADE,
  ADD CONSTRAINT `fk_rassi_request` FOREIGN KEY (`request_id`) REFERENCES `requisition_item` (`request_id`) ON DELETE CASCADE ON UPDATE CASCADE,
  ADD CONSTRAINT `fk_rassi_supplier` FOREIGN KEY (`supplier_id`) REFERENCES `suppliers` (`supplier_id`) ON UPDATE CASCADE,
  ADD CONSTRAINT `fk_rassi_user` FOREIGN KEY (`selected_by_user_id`) REFERENCES `user` (`user_id`) ON UPDATE CASCADE;

--
-- Constraints for table `requisition_canvass_detail`
--
ALTER TABLE `requisition_canvass_detail`
  ADD CONSTRAINT `rcd_fk_line` FOREIGN KEY (`requisition_line_id`) REFERENCES `requisition_line` (`requisition_line_id`) ON DELETE CASCADE ON UPDATE CASCADE,
  ADD CONSTRAINT `rcd_fk_request` FOREIGN KEY (`request_id`) REFERENCES `requisition_item` (`request_id`) ON DELETE CASCADE ON UPDATE CASCADE,
  ADD CONSTRAINT `rcd_fk_user` FOREIGN KEY (`user_id`) REFERENCES `user` (`user_id`) ON UPDATE CASCADE;

--
-- Constraints for table `requisition_canvass_detail_supplier`
--
ALTER TABLE `requisition_canvass_detail_supplier`
  ADD CONSTRAINT `cds_fk_detail` FOREIGN KEY (`canvass_detail_id`) REFERENCES `requisition_canvass_detail` (`canvass_detail_id`) ON DELETE CASCADE ON UPDATE CASCADE,
  ADD CONSTRAINT `cds_fk_supplier` FOREIGN KEY (`supplier_id`) REFERENCES `suppliers` (`supplier_id`) ON DELETE CASCADE ON UPDATE CASCADE;

--
-- Constraints for table `requisition_form_approval`
--
ALTER TABLE `requisition_form_approval`
  ADD CONSTRAINT `fk_rfa_request` FOREIGN KEY (`request_id`) REFERENCES `requisition_item` (`request_id`) ON DELETE CASCADE ON UPDATE CASCADE;

--
-- Constraints for table `requisition_item`
--
ALTER TABLE `requisition_item`
  ADD CONSTRAINT `requisition_item_ibfk_2` FOREIGN KEY (`facility_id`) REFERENCES `facilities` (`facility_id`),
  ADD CONSTRAINT `requisition_item_ibfk_3` FOREIGN KEY (`user_id`) REFERENCES `user` (`user_id`),
  ADD CONSTRAINT `requisition_item_ibfk_office` FOREIGN KEY (`office_id`) REFERENCES `offices` (`office_id`);

--
-- Constraints for table `requisition_line`
--
ALTER TABLE `requisition_line`
  ADD CONSTRAINT `requisition_line_ibfk_item` FOREIGN KEY (`item_id`) REFERENCES `items` (`item_id`) ON DELETE SET NULL ON UPDATE CASCADE,
  ADD CONSTRAINT `requisition_line_ibfk_request` FOREIGN KEY (`request_id`) REFERENCES `requisition_item` (`request_id`) ON DELETE CASCADE ON UPDATE CASCADE;

--
-- Constraints for table `requisition_line_awards`
--
ALTER TABLE `requisition_line_awards`
  ADD CONSTRAINT `fk_rla_awarded_by` FOREIGN KEY (`awarded_by_user_id`) REFERENCES `user` (`user_id`) ON UPDATE CASCADE,
  ADD CONSTRAINT `fk_rla_line` FOREIGN KEY (`requisition_line_id`) REFERENCES `requisition_line` (`requisition_line_id`) ON DELETE CASCADE ON UPDATE CASCADE,
  ADD CONSTRAINT `fk_rla_quote` FOREIGN KEY (`quote_id`) REFERENCES `requisition_line_quotes` (`quote_id`) ON DELETE SET NULL ON UPDATE CASCADE,
  ADD CONSTRAINT `fk_rla_supplier` FOREIGN KEY (`supplier_id`) REFERENCES `suppliers` (`supplier_id`) ON UPDATE CASCADE;

--
-- Constraints for table `requisition_line_quotes`
--
ALTER TABLE `requisition_line_quotes`
  ADD CONSTRAINT `fk_rlq_line` FOREIGN KEY (`requisition_line_id`) REFERENCES `requisition_line` (`requisition_line_id`) ON DELETE CASCADE ON UPDATE CASCADE,
  ADD CONSTRAINT `fk_rlq_supplier` FOREIGN KEY (`supplier_id`) REFERENCES `suppliers` (`supplier_id`) ON DELETE CASCADE ON UPDATE CASCADE;

--
-- Constraints for table `requisition_preferred_supplier_item`
--
ALTER TABLE `requisition_preferred_supplier_item`
  ADD CONSTRAINT `rpsi_fk_request` FOREIGN KEY (`request_id`) REFERENCES `requisition_item` (`request_id`) ON DELETE CASCADE ON UPDATE CASCADE,
  ADD CONSTRAINT `rpsi_fk_supplier` FOREIGN KEY (`supplier_id`) REFERENCES `suppliers` (`supplier_id`) ON DELETE CASCADE ON UPDATE CASCADE;

--
-- Constraints for table `user`
--
ALTER TABLE `user`
  ADD CONSTRAINT `user_ibfk_1` FOREIGN KEY (`office_id`) REFERENCES `offices` (`office_id`);

--
-- Constraints for table `user_activity`
--
ALTER TABLE `user_activity`
  ADD CONSTRAINT `user_activity_ibfk_1` FOREIGN KEY (`user_id`) REFERENCES `user` (`user_id`) ON DELETE CASCADE;
COMMIT;

/*!40101 SET CHARACTER_SET_CLIENT=@OLD_CHARACTER_SET_CLIENT */;
/*!40101 SET CHARACTER_SET_RESULTS=@OLD_CHARACTER_SET_RESULTS */;
/*!40101 SET COLLATION_CONNECTION=@OLD_COLLATION_CONNECTION */;
